中文名,外文名,软科排名,独立学院,民办高校
阿坝师范学院,ABA TEACHERS COLLEGE,,否,否
阿坝职业学院,Aba Vocational College,,否,否
阿克苏工业职业技术学院,Aksu Industry Polytechnic College,,否,否
阿克苏职业技术学院,Aksu Vocational and Technical College,,否,否
阿拉善职业技术学院,Alashan Vocational College,,否,否
阿勒泰职业技术学院,Altay Vocational and Technical College,,否,否
安徽财贸职业学院,Anhui Finance & Trade Vocational College,,否,否
安徽城市管理职业学院,Anhui Vocational College Of City Management,,否,否
安徽第二医学院,Anhui Institute of Medicine,,否,否
安徽电气工程职业技术学院,Anhui Electrical Engineering Professional Technique College,,否,否
安徽电子信息职业技术学院,Anhui Vocational College Of Electronics & Information Technology,,否,否
安徽工贸职业技术学院,Anhui Vocational And Technical College Of Industry and Trade,,否,否
安徽工商职业学院,Anhui Business Vocational College,,否,否
安徽工业经济职业技术学院,Anhui Technical College of Industry And Economy,,否,否
安徽工业职业技术学院,Anhui Industry Polytechnic,,否,否
安徽公安学院,Anhui Police College,,否,否
安徽公安职业学院,Anhui Public Security College,,否,否
安徽广播影视职业技术学院,Anhui Broadcasting Movie and Television College,,否,否
安徽国防科技职业学院,Anhui Vocational College Of Defense Technology,,否,否
安徽国际商务职业学院,Anhui Institute Of International Business,,否,否
安徽黄梅戏艺术职业学院,Anhui Huangmei Opera Art Vocational College,,否,否
安徽机电职业技术学院,Anhui Technical College Of Mechanical And Electrical Engineering,,否,否
安徽交通职业技术学院,Anhui Communications Vocational & Technical College,,否,否
安徽警官职业学院,Anhui Vocational College Of Police Officers,,否,否
安徽矿业职业技术学院,Anhui College of Mining and Technology,,否,是
安徽粮食工程职业学院,Anhui Vocational College Of Grain Engineering,,否,否
安徽林业职业技术学院,Anhui Vocational & Technical College Of Forestry,,否,否
安徽绿海商务职业学院,Anhui Lvhai Vocational College Of Business,,否,是
安徽汽车职业技术学院,Anhui Automobile Vocational and Technical College,,否,否
安徽三联学院,Anhui Sanlian University,,否,是
安徽商贸职业技术学院,Anhui Business College Of Vocational Technology,,否,否
安徽涉外经济职业学院,Anhui International Economy College,,否,是
安徽审计职业学院,Anhui Audit College,,否,否
安徽水利水电职业技术学院,Anhui Water Conservancy Technical College,,否,否
安徽体育运动职业技术学院,Anhui Professional & Technical Institute Of Athletics,,否,否
安徽外国语学院,Anhui International Studies University,,否,是
安徽卫生健康职业学院,Anhui Health College,,否,否
安徽文达信息工程学院,Anhui Wenda University of Information Engineering,,否,是
安徽现代信息工程职业学院,Anhui Modern Info-Engineering Vocational College,,否,是
安徽新华学院,Anhui Xinhua University,,否,是
安徽新闻出版职业技术学院,Anhui Vocational College of Press and Publishing,,否,否
安徽信息工程学院,Anhui Institute of Information Technology,,否,是
安徽扬子职业技术学院,Anhui Yangtse Vocational & Technical College,,否,是
安徽冶金科技职业学院,Anhui Vocational College of Metallurgy and Technology,,否,否
安徽医科大学临床医学院,Clinic Medical College of Anhui Medical University,,是,否
安徽艺术学院,Anhui University of Arts,,否,否
安徽艺术职业学院,Anhui Professional College Of Art,,否,否
安徽应用技术职业大学,Anhui University of Applied Sciences,,否,否
安徽邮电职业技术学院,Anhui Post and Telecommunication College,,否,否
安徽职业技术大学,Anhui University of Applied Technology,,否,否
安徽中澳科技职业学院,Anhui Zhongao Institute Of Technology,,否,否
安徽中医药高等专科学校,Anhui College of Traditional Chinese Medicine,,否,否
安康学院,Ankang University,,否,否
安康职业技术学院,Ankang Vocational Technical College,,否,否
安庆医药高等专科学校,Anqing Medical College,,否,否
安庆职业技术学院,Anqing Vocational and Technical College,,否,否
安顺学院,Anshun University,,否,否
安顺职业技术学院,Anshun Vocational and Technical College,,否,否
安阳工学院,Anyang Institute of Technology,,否,否
安阳师范学院,Anyang Normal University,,否,否
安阳学院,Anyang University,,否,是
安阳幼儿师范高等专科学校,Anyang Preschool Education College,,否,否
安阳职业技术学院,Anyang Vocational and Technical College,,否,否
鞍山师范学院,Anshan Normal University,,否,否
鞍山职业技术学院,Anshan Vocational and Technical College,,否,否
巴音郭楞职业技术学院,Bayin Guoleng Technology College,,否,否
巴中职业技术学院,Bazhong Vocational and Technical College,,否,是
白城师范学院,Baicheng Normal University,,否,否
白城医学高等专科学校,Baicheng Medical College,,否,否
白城职业技术学院,Baicheng Vocational and Technical College,,否,否
白银矿冶职业技术学院,Baiyin Vocational College of Mining And Metalurgy,,否,否
白银希望职业技术学院,Baiyin Hope Vocational and Technical College,,否,是
百色学院,Baise University,,否,否
百色职业学院,Baise Vocational College,,否,否
蚌埠城市轨道交通职业学院,Bengbu College of Urban Rail Transit,,否,是
蚌埠工商学院,Bengbu College of Technology and Business,,否,是
蚌埠经济技术职业学院,Bengbu Institute Of Business and Technology,,否,是
蚌埠学院,Bengbu University,,否,否
包头钢铁职业技术学院,Baotou Iron and Steel Vocational Technical College,,否,否
包头轻工职业技术学院,Baotou Light Industry Vocational Technical College,,否,否
包头铁道职业技术学院,Baotou Railway Vocational & Technical College,,否,否
包头职业技术学院,Baotou Vocational & Technical College,,否,否
宝鸡三和职业学院,Baoji Sanhe Vocational College,,否,是
宝鸡文理学院,Baoji University of Arts and Sciences,,否,否
宝鸡职业技术学院,Baoji Vocational & Technical College,,否,否
宝鸡中北职业学院,Baoji Zhongbei Vocational College,,否,是
保定电力职业技术学院,Baoding Technical College Of Electric Power,,否,否
保定理工学院,Baoding University of Technology,,否,是
保定学院,Baoding University,,否,否
保定幼儿师范高等专科学校,Baoding Preschool Teachers College,,否,否
保定职业技术学院,Baoding Vocational and Technical College,,否,否
保山学院,Baoshan University,,否,否
保山职业学院,Baoshan Vocational College,,否,否
保山中医药高等专科学校,Baoshan College Of Traditional Chinese Medicine,,否,否
保险职业学院,Insurance Professional College,,否,否
北部湾大学,Beibu Gulf University,,否,否
北海康养职业学院,Beihai Vocational Of Wellness,,否,是
北海艺术设计学院,Beihai University of Art and Design,,否,是
北海职业学院,Beihai Vocational College,,否,否
北京北大方正软件职业技术学院,Peking University Founder Technology College,,否,是
北京财贸职业学院,Beijing College of Finance And Commerce,,否,否
北京城市学院,Beijing City University,,否,是
北京第二外国语学院中瑞酒店管理学院,Beijing Hospitality Institute,,是,否
北京电影学院,Beijing Film Academy,,否,否
北京服装学院,Beijing Institute of Fashion Technology,,否,否
北京工业大学耿丹学院,Gengdan Institute of Beijing University of Technology,,是,否
北京工业职业技术学院,Beijing Polytechnic College,,否,否
北京航空航天大学北海学院,Beihai College of Beihang University,,是,否
北京汇佳职业学院,Beijing Huijia Vocational College,,否,是
北京交通运输职业学院,Beijing Vocational Transportation College,,否,否
北京交通职业技术学院,Beijing Jiaotong Vocational Technical College,,否,否
北京金融科技学院,Beijing University of Financial Technology,,否,是
北京京北职业技术学院,Northern Beijing Vocational Education Institute,,否,否
北京经济管理职业学院,Beijing Institute of Economics and Management,,否,否
北京经济技术职业学院,Beijing Institute of Business and Technology,,否,是
北京经贸职业学院,Beijing Professional Business Institute,,否,是
北京科技大学天津学院,"Tianjin college, University of Science and Technology Beijing",,是,否
北京科技经营管理学院,Beijing Science Technology and Management College,,否,是
北京科技职业大学,Beijing Polytechnic University,,否,否
北京科技职业学院,"University For Science & Technology,Beijing",,否,是
北京劳动保障职业学院,Beijing Vocational College of Labour And Social Security,,否,否
北京理工大学珠海学院,"Beijing Institute of Technology, Zhuhai",,是,否
北京农业职业学院,Beijing Vocational College of Agriculture,,否,否
北京培黎职业学院,Beijing Bailie University,,否,是
北京青年政治学院,Beijing Youth Politics College,,否,否
北京师范大学珠海分校,"Beijing Normal University, Zhuhai",,是,否
北京体育职业学院,Beijing College Of Sports,,否,否
北京网络职业学院,Beijing College Of Internet Engineering,,否,是
北京卫生职业学院,Beijing Health Vacational College,,否,否
北京舞蹈学院,Beijing Dance Academy,,否,否
北京戏曲艺术职业学院,Beijing Opera and Arts College,,否,否
北京信息职业技术学院,Beijing information Technology College,,否,否
北京艺术传媒职业学院,Beijing Arts and Media Vocational College,,否,是
北京邮电大学世纪学院,"Century College, Beijing University of Posts and Telecommunications",,是,否
北京政法职业学院,Beijing College of Politics and Law,,否,否
北京中医药大学东方学院,Beijing University of Chinese Medicine Dongfang College,,是,否
毕节工业职业技术学院,Bijie Industry Polytechnic College,,否,否
毕节医学高等专科学校,Bijie Medical College,,否,否
毕节幼儿师范高等专科学校,Bijie Preschool Education College,,否,否
毕节职业技术学院,Bijie Vocational and Technical College,,否,否
滨州科技职业学院,Binzhou College Of Science and Technology,,否,是
滨州职业技术大学,Binzhou Polytechnic University,,否,否
亳州学院,Bozhou University,,否,否
亳州职业技术学院,Bozhou Vocational and Technical College,,否,否
博尔塔拉职业技术学院,Boertala Polytechnic,,否,否
渤海船舶职业学院,Bohai Shipbuilding Vocational College,,否,否
渤海理工职业学院,Bohai Polytechnic Vocational College,,否,是
渤海石油职业学院,Bohai Petroleum Vocational College,,否,否
沧州航空职业学院,Cangzhou Aeronautical Institute of Technology,,否,是
沧州交通学院,Cangzhou Jiaotong College,,否,是
沧州师范学院,Cangzhou Normal University,,否,否
沧州医学高等专科学校,Cangzhou Medical College,,否,否
沧州幼儿师范高等专科学校,Cangzhou Kindergarten Teachers College,,否,否
沧州职业技术学院,Cangzhou Technical College,,否,否
曹妃甸职业技术学院,Caofeidian College Of Technology,,否,是
昌吉学院,Changji University,,否,否
昌吉职业技术学院,Changji Vocational and Technical College,,否,否
常德科技职业技术学院,Changde College of Science and Technology,,否,否
常德学院,Changde College,,否,是
常德职业技术学院,Changde Vocational Technical College,,否,否
常州大学怀德学院,Changzhou University Huaide College,,是,否
常州纺织服装职业技术学院,Changzhou Vocational Institute Of Textile And Garment,,否,否
常州工程职业技术学院,Changzhou Vocational Institute Of Engineering,,否,否
常州工业职业技术学院,Changzhou Institute Of Industry Technology,,否,否
常州机电职业技术学院,Changzhou Vocational Institute Of Mechatronic Technology,,否,否
常州铁道职业技术学院,Changzhou Railway Vocational and Technical College,,否,否
常州信息职业技术大学,Changzhou University of Information Technology,,否,否
常州幼儿师范高等专科学校,Changzhou Early Childhood Education College,,否,否
巢湖学院,Chaohu University,,否,否
朝阳师范学院,Chaoyang Normal University,,否,否
潮汕职业技术学院,Chaoshan Vocational and Technical College,,否,是
郴州思科职业学院,Chenzhou Score Vocational College,,否,是
郴州职业技术学院,Chenzhou Vocational Technical College,,否,否
郴州智能科技职业学院,CZ Vocational College of Intelligent Science and Technology,,否,是
成都东软学院,Chengdu Neusoft University,,否,是
成都工贸职业技术学院,Chengdu Industry And Trade College,,否,否
成都工业学院,Chengdu Technological University,,否,否
成都工业职业技术学院,Chengdu Vocational& Technical College Of Industry,,否,否
成都轨道交通职业学院,Chengdu Institute of Rail Transit,,否,是
成都航空职业技术大学,Chengdu Aeronautic Polytechnic University,,否,否
成都锦城学院,Chengdu Jincheng College,,否,是
成都理工大学工程技术学院,The Engineering & Technical College of Chengdu University of Technology,,是,否
成都农业科技职业学院,Chengdu Agricultural College,,否,否
成都轻工职业技术大学,Chengdu Qinggong Polytechnic University,,否,否
成都外国语学院,Chengdu International Studies University,,否,是
成都文理学院,Chengdu College of Arts and Sciences,,否,是
成都艺术职业大学,Chengdu Vocational University of the Arts,,否,是
成都银杏酒店管理学院,Gingko College of Hospitality Management,,否,是
成都职业技术学院,Chengdu Polytechnic,,否,否
承德护理职业学院,Chengde Nursing Vocational College,,否,否
承德应用技术职业学院,Chengde College Of Applied Technology,,否,否
池州学院,Chizhou University,,否,否
池州职业技术学院,Chizhou Vocational And Technical College,,否,否
赤峰大学,Chifeng University,,否,否
赤峰工业职业技术学院,Chifeng Industrial Vocational Technical College,,否,否
赤峰应用技术职业学院,Chifeng Vocational Institute Of Applied Technology,,否,否
赤峰职业技术学院,Chifeng College Of Vocation And Technology,,否,是
重庆安防职业学院,Chongqing Vocational College of Security,,否,是
重庆安全技术职业学院,Chongqing Vocational Insitute Of Safety & Technology,,否,否
重庆财经学院,Chongqing Finance and Economics College,,否,是
重庆财经职业学院,Chongqing College Of Finance And Economics,,否,否
重庆城市管理职业大学,Chongqing City Management University,,否,否
重庆城市科技学院,Chongqing Metropolitan College of Science and Technology,,否,是
重庆城市职业学院,Chongqing City Vocational College,,否,否
重庆传媒职业学院,Chongqing Vocational College Of Media,,否,是
重庆第二师范学院,Chongqing University of Education,,否,否
重庆电力高等专科学校,Chongqing Electric Power College,,否,否
重庆电信职业学院,Chongqing Electronic Information College,,否,是
重庆电讯职业学院,Chongqing Telecommunication Polytechnic College,,否,是
重庆电子科技职业大学,Chongqing Polytechnic University of Electronic Technology,,否,否
重庆对外经贸学院,Chongqing College of International Business and Economics,,否,是
重庆工程学院,Chongqing Institute of Engineering,,否,是
重庆工程职业技术大学,Chongqing Polytechnic University of Engineering,,否,否
重庆工贸职业技术学院,Chongqing Industry & Trade Polytechnic,,否,否
重庆工商大学派斯学院,Pass College of Chongqing Technology & Business University,,是,否
重庆工商职业学院,Chongqing Technology And Business Institute,,否,否
重庆工信职业学院,Chongqing Industry And Information Vocational College,,否,否
重庆工业职业技术大学,Chongqing Industry Polytechnic University,,否,否
重庆公共运输职业学院,Chongqing Vocational College Of Public Transportation,,否,是
重庆海联职业技术学院,Chongqing Hailian Vocational Technical College,,否,是
重庆航天职业技术学院,Chongqing Aerospace Polytechnic College,,否,否
重庆护理职业学院,Chongqing Nursing Vocational College,,否,是
重庆化工职业学院,Chongqing Chemical Industry Vocational College,,否,否
重庆机电职业技术大学,Chongqing Vocational and Technical University of Mechatronics,,否,是
重庆建筑工程职业学院,Chongqing Jianzhu College,,否,否
重庆建筑科技职业学院,Chongqing College Of Architecture And Technology,,否,是
重庆健康职业学院,Chongqing Health College,,否,是
重庆交通职业学院,Chongqing Vocational College Of Transportation,,否,是
重庆经贸职业学院,Chongqing Vocational College Of Economics And Trade,,否,是
重庆科创职业学院,Chongqing Creation Vocational College,,否,是
重庆科技职业学院,Chongqing Vocational College Of Science And Technology,,否,是
重庆理工职业学院,Chongqing Polytechnic Institute,,否,是
重庆旅游职业学院,Chongqing Vocational Institute Of Tourism,,否,否
重庆能源职业学院,Chongqing Energy College,,否,是
重庆农业职业学院,Chongqing Vocational College of Agriculture,,否,否
重庆青年职业技术学院,Chongqing Youth Vocational & Technical College,,否,否
重庆轻工职业学院,Chongqing Vocational College Of Light Industry,,否,是
重庆人文科技学院,"Chongqing College of Humanities, Science & Technology",,否,是
重庆三峡医药高等专科学校,Chongqing Three Gorges Medical College,,否,否
重庆三峡职业学院,Chongqing Three Gorges Vocational College,,否,否
重庆商务职业学院,Chongqing Business Vocational College,,否,否
重庆数字产业职业技术学院,Chongqing Digital Industry Polytechnic College,,否,是
重庆水利电力职业技术学院,Chongqing Water Resources And Electeic Engineering College,,否,否
重庆外语外事学院,Chongqing Institute of Foreign Studies,,否,是
重庆文化艺术职业学院,Chongqing Vocational College Of Culture And Arts,,否,否
重庆五一职业技术学院,Chongqing Wuyi Polytechinc College,,否,否
重庆现代制造职业学院,Chongqing Vocational College of Modern Manufacturing,,否,是
重庆信息技术职业学院,Chongqing Information Technology College,,否,是
重庆医药高等专科学校,Chongqing Medical And Pharmaceutical College,,否,否
重庆移通学院,Chongqing College of Mobile Telecommunication,,否,是
重庆艺术工程职业学院,Chongqing Vocational College Of Art And Engineering,,否,是
重庆应用技术职业学院,Chongqing Vocational College Of Applied Technology,,否,是
重庆幼儿师范高等专科学校,Chongqing Preschool Education College,,否,否
重庆智能工程职业学院,Chongqing Vocational College Of Intelligent Engineering,,否,是
重庆中医药学院,Chongqing University of Chinese Medicine,,否,否
重庆资源与环境保护职业学院,Chongqing Recourses And Environmental Protection Of University,,否,是
崇左幼儿师范高等专科学校,Chongzuo Preschool Education College,,否,否
滁州城市职业学院,Chuzhou City Vocation Academy,,否,否
滁州学院,Chuzhou University,,否,否
滁州职业技术学院,Chuzhou Polytechnic,,否,否
楚雄师范学院,Chuxiong Normal University,,否,否
楚雄医药高等专科学校,Chuxiong Medical College,,否,否
川北幼儿师范高等专科学校,North Sichuan College Of Preschool Teacher Education,,否,否
川南幼儿师范高等专科学校,South Sichuan Preschool Education College,,否,否
达州职业技术学院,Dazhou Vocational And Technial College,,否,否
达州中医药职业学院,Dazhou Vocational College Of Chinese Medicine,,否,否
大理护理职业学院,Dali Nursing Vocational College,,否,否
大理农林职业技术学院,Dali Vocational And Technical College Of Agriculture And Forestry,,否,否
大连财经学院,Dalian University of Finance and Economics,,否,是
大连东软信息学院,Dalian Neusoft University of Information,,否,是
大连翻译职业学院,Dalian Translation And Interpretation College,,否,是
大连枫叶职业技术学院,Dalian Maple Leaf College Of Technology,,否,是
大连工业大学艺术与信息工程学院,"College of Arts & Information Engineering, Dalian Polytechnic University",,是,否
大连航运职业技术学院,Dalian Shipping College,,否,是
大连科技学院,Dalian University of Science and Technology,,否,是
大连理工大学城市学院,"City Institute, Dalian University of Technology",,是,否
大连汽车职业技术学院,Dalian Autovocational Technical Institute,,否,是
大连软件职业学院,Dalian Software Vocational University,,否,是
大连商务职业学院,Dalian Business Vocational College,,否,是
大连医科大学中山学院,Zhongshan College of Dalian Medical University,,是,否
大连艺术学院,Dalian Art College,,否,是
大连职业技术学院,Dalian Vocational Technical College,,否,否
大连装备制造职业技术学院,Dalian Equipment Technical College,,否,是
大庆师范学院,Daqing Normal University,,否,否
大庆医学高等专科学校,Daqing Medical College,,否,否
大庆职业学院,Daqing Vocational College,,否,否
大同煤炭职业技术学院,Datong Vocational And Technical College Of Coal,,否,否
大同师范高等专科学校,Datong Normal College,,否,否
大同数据科技职业学院,Datong Vocational College of Data Technology,,否,是
大湾区大学,Great Bay University,,否,否
大兴安岭职业学院,Vocational College Daxing'An Mountains,,否,否
德宏师范学院,Dehong Normal University,,否,否
德宏职业学院,Dehong Vocational College,,否,否
德阳城市轨道交通职业学院,Deyang College Of Urban Rail Transit,,否,是
德阳科贸职业学院,Deyang Vocational College Of Technology And Trade,,否,是
德阳农业科技职业学院,Deyang Agricultural College,,否,是
德州工程职业学院,Dezhou Engineering Vocational College,,否,是
德州科技职业学院,Technological Vocational College Of Dezhou,,否,是
德州职业技术学院,Dezhou Vocational And Technical College,,否,否
滇池学院,Dianchi College of Yunnan University,,否,是
滇西科技师范学院,West Yunnan University,,否,否
滇西应用技术大学,West Yunnan University of Applied Sciences,,否,否
电子科技大学成都学院,Chengdu college Of University Of Electronic Science And Technology of china,,是,否
电子科技大学中山学院,"University of Electronic Science and Technology of China, Zhongshan Institute",,是,否
定西师范高等专科学校,Dingxi Teachers College,,否,否
定西职业技术学院,Dingxi Vocational and Technical College,,否,否
东莞城市学院,Dongguan City University,,否,是
东莞职业技术学院,Dongguan Polytechnic,,否,否
东南大学成贤学院,Southeast University Chengxian College,,是,否
东营科技职业学院,Dongying Vocational College Of Science＆Technology,,否,否
东营职业学院,Dongying Vocational Institute,,否,否
鄂尔多斯生态环境职业学院,Ordos Vocational College Of Eco-Environment,,否,否
鄂尔多斯应用技术学院,Ordos Institute of Technology,,否,否
鄂尔多斯职业学院,Ordos Vocational College,,否,否
鄂州职业大学,Ezhou Vocational University,,否,否
恩施职业技术学院,Enshi Polytechnic,,否,否
防城港职业技术学院,Fangchenggang Vocational And Technical College,,否,否
佛山职业技术学院,Foshan Polytechnic,,否,否
福建船政交通职业学院,Fujian Chuanzheng Communications College,,否,否
福建电力职业技术学院,Fujian Electric Power Technical College,,否,否
福建福耀科技大学,Fuyao University of Science and Technology,,否,是
福建华南女子职业学院,Fujian Hwa Nan Women's College,,否,是
福建技术师范学院,Fujian Polytechnic Normal University,,否,否
福建林业职业技术学院,Fujian Forestry Vocational Technical College,,否,否
福建农林大学金山学院,Jinshan College of Fujian Agriculture and Forestry University,,是,否
福建农业职业技术学院,Fujian Vocational College Of Agriculture,,否,否
福建商学院,Fujian Business University,,否,否
福建生物工程职业技术学院,Fujian Vocational College Of Bio-Engineering,,否,否
福建师范大学协和学院,Concord University College Fujian Normal University,,是,否
福建水利电力职业技术学院,Fujian College Of Water Conservancy And Electric Power,,否,否
福建体育职业技术学院,Fujian Sports Vocational Education And Technical College,,否,否
福建卫生职业技术学院,Fujian Health College,,否,否
福建信息职业技术学院,Fujian Polytechnic Of Information Technology,,否,否
福建艺术职业学院,Fujian Art Vocational College,,否,否
福建幼儿师范高等专科学校,Fujian Preschool Education College,,否,否
福州大学至诚学院,Fuzhou University Zhicheng College,,是,否
福州工商学院,Fuzhou Technology and Business University,,否,是
福州科技职业技术学院,Fuzhou Science And Technology College,,否,是
福州黎明职业技术学院,Fujian Liming Vocational ＆ Technical College,,否,是
福州理工学院,Fuzhou Institute of Technology,,否,是
福州墨尔本理工职业学院,Fuzhou Melbourne Polytechnic,,否,否
福州软件职业技术学院,Fuzhou Software Technology Vocational College,,否,是
福州外语外贸学院,Fuzhou University of Foreign Studies and Trade,,否,是
福州英华职业学院,Anglo-Chinese College,,否,是
福州职业技术大学,Fuzhou Polytechnic,,否,否
抚顺师范高等专科学校,Fushun Teachers College,,否,否
抚顺职业技术学院,Fushun Vocational Technology Institute,,否,否
抚州医药学院,Fuzhou Medical College,,否,否
抚州幼儿师范高等专科学校,Fuzhou Preschool Education College,,否,否
抚州职业技术学院,Fuzhou Vocational And Technical College,,否,否
阜康职业技术学院,Fukang Vocational and Technical College,,否,否
阜新高等专科学校,Fuxin Higher Training College,,否,否
阜阳科技职业学院,Fuyang Vocational College Of Science And Technology,,否,是
阜阳理工学院,Fuyang University of Technology,,否,是
阜阳幼儿师范高等专科学校,Fuyang Preschool Teachers College,,否,否
阜阳职业技术学院,Fuyang Vocational Technical College,,否,否
甘肃财贸职业学院,Gansu Vocational College Of Finance And Trade,,否,否
甘肃畜牧工程职业技术学院,Gansu Polytechnic College of Animal Husbandry & Engineering,,否,否
甘肃钢铁职业技术学院,Gansu Iron And Steel Vocational Technical College,,否,否
甘肃工业职业技术大学,Gansu Vocational University of Industry Technology,,否,否
甘肃机电职业技术学院,,,否,否
甘肃建筑职业技术学院,Gansu Vocational College Of Architecture,,否,否
甘肃交通职业技术学院,Gansu Vocational And Technical College Of Communications,,否,否
甘肃警察学院,Gansu Police College,,否,否
甘肃林业职业技术大学,Gansu Forestry Voctech University,,否,否
甘肃民族师范学院,Gansu Minzu Normal University,,否,否
甘肃农业职业技术学院,Gansu Vocational College Of Agricultural,,否,否
甘肃卫生职业学院,Gansu Health Vocational College,,否,否
甘肃医学院,Gansu Medical College,,否,否
甘肃有色冶金职业技术学院,Gansu Vocational & Technical College Of Nonferrous Metallurgy,,否,否
甘孜职业学院,Gan Zi Zhi Ye Xue Yuan,,否,否
赣东学院,Gandong University,,否,否
赣东职业技术学院,Gandong Vocational and Technical College,,否,是
赣南科技学院,Gannan University of Science and Technology,,否,否
赣南师范大学科技学院,Science and Technology College Gannan Normal University,,是,否
赣南卫生健康职业学院,Gannan Health Vocational College,,否,否
赣西科技职业学院,Ganxi Vocational Institue Of Science & Technology,,否,是
赣州起元职业学院,Ganzhou Qiyuan Polytechnic,,否,是
赣州师范高等专科学校,Ganzhou Teachers College,,否,否
赣州远恒佳职业学院,Ganzhou Yuanhengjia Vocational College,,否,是
赣州职业技术学院,Ganzhou Polytechnic,,否,否
公安消防部队高等专科学校,Public Security Fire Force College,,否,否
广安职业技术学院,Guang'an Vocational & Technical College,,否,否
广东白云学院,Guangdong Baiyun University,,否,是
广东碧桂园职业学院,Guangdong Country Garden Polytechnic,,否,是
广东财贸职业学院,Guangdong Finance ＆ Trade Vocational College,,否,否
广东潮州卫生健康职业学院,Guangdongsheng Chaozhou Weisheng Xuexiao,,否,否
广东创新科技职业学院,Guangdong Innovative Technical College,,否,是
广东第二师范学院,Guangdong University of Education,,否,否
广东东软学院,Neusoft Institute Guangdong,,否,是
广东工程职业技术学院,Guangdong Engineering Polytechnic,,否,否
广东工贸职业技术学院,Guangdong Polytechnic Of Industry And Commerce,,否,否
广东工商职业技术大学,Guangdong Business and Technology University,,否,是
广东环境保护工程职业学院,Guangdong Polytechnic Of Environmental Protection Engineering,,否,否
广东机电职业技术学院,Guangdong Mechanical & Electronical Polytechnic,,否,否
广东建设职业技术学院,Guangdong Construction Polytechnic,,否,否
广东江门幼儿师范高等专科学校,Jiangmen Normal College For Preschool Education In Guangdong,,否,否
广东江门中医药职业学院,Guangdong Jiangmen Chinese Medicine College,,否,否
广东交通职业技术学院,Guangdong Communication Polytechnic,,否,否
广东酒店管理职业技术学院,Guangdong Vocational College Of Hotel Management,,否,是
广东科技学院,Guangdong University of Science & Technology,,否,是
广东科贸职业学院,Guangdong Polytechnic Of Science And Trade,,否,否
广东科学技术职业学院,Guangdong Polytechnic Of Science And Technology,,否,否
广东理工学院,Guangdong Technology College,,否,是
广东理工职业学院,Guangdong Polytechnic Institute,,否,否
广东岭南职业技术学院,Guangdong Lingnan Institute Of Technology,,否,是
广东茂名健康职业学院,Guangdong Maoming Health Vocational College,,否,否
广东茂名农林科技职业学院,Guangdong Maoming Agriculture & Forestry Techical College,,否,否
广东茂名幼儿师范专科学校,Guangdong Preschool Normal College In Maoming,,否,否
广东梅州职业技术学院,Guangdong Meizhou Vocational And Technical College,,否,否
广东南方职业学院,Guangdong Nanfang Institute Of Technology,,否,是
广东南华工商职业学院,Guangdong Nanhua Vocational College Of Industry And Commerce,,否,否
广东农工商职业技术学院,Guangdong Aib Polytechnic,,否,否
广东女子职业技术学院,Guangdong Women's Polytechnic College,,否,否
广东培正学院,Guangdong Peizheng College,,否,是
广东青年职业学院,Guangdong Youth Vocational College,,否,否
广东轻工职业技术大学,Guangdong Industry Polytechnic University,,否,否
广东汕头幼儿师范高等专科学校,Shantou Preschool Education College In Guangdong,,否,否
广东生态工程职业学院,Guangdong Eco-Engineering Polytechnic,,否,否
广东省外语艺术职业学院,Guangdong Teachers College Of Foreign Language And Arts,,否,否
广东食品药品职业学院,Guangdong Food And Drug Vocational College,,否,否
广东水利电力职业技术学院,Guangdong Polytechnic Of Water Resources And Electric Engineering,,否,否
广东司法警官职业学院,Guangdong Justice Police Vocational College,,否,否
广东松山职业技术学院,Guangdong Songshan Polytechnic College,,否,否
广东体育职业技术学院,Guangdong Vocational Institute Of Sports,,否,否
广东外语外贸大学南国商学院,South China Business College Guangdong University of Foreign Studies,,是,否
广东文理职业学院,Guangdong Institute Of Arts And Sciences,,否,是
广东文艺职业学院,Guangdong Literary & Art Vocational College,,否,否
广东新安职业技术学院,Guangdong Xin'an Polytechnic,,否,是
广东信息工程职业学院,Guangdong Information Engineering Institute,,否,是
广东行政职业学院,Guangdong Vocational Institute Of Public Administration,,否,否
广东亚视演艺职业学院,Guangdong Atv College Of Performing Arts,,否,是
广东艺术职业学院,Guangdong Vocational Academy of Arts,,否,否
广东邮电职业技术学院,Guangdong Vocational College Of Post And Telecom,,否,否
广东云浮中医药职业学院,Guangdong Yunfu Vocational College Of Traditional Chinese Medicine,,否,否
广东肇庆航空职业学院,Guangdong Zhaoqing Aviation Vocational College,,否,是
广东职业技术学院,Guangdong Polytechnic,,否,否
广西安全工程职业技术学院,Guangxi Vocational College Of Safety Engineering,,否,否
广西城市职业大学,Guangxi City Vocational University,,否,是
广西电力职业技术学院,Guangxi Electrical Polytechnic Institute,,否,否
广西工程职业学院,Guangxi Engineering Vocational College,,否,是
广西工商职业技术学院,Guangxi Vocational College Of Technology And Business,,否,否
广西工业职业技术学院,Guangxi Vocational&Technical Institute Of Industry,,否,否
广西国际商务职业技术学院,Guangxi International Business Vocational College,,否,否
广西机电职业技术学院,Guangxi Technological College Of Machinery And Electricity,,否,否
广西建设职业技术学院,Guangxi Polytechnic Of Construction,,否,否
广西交通职业技术学院,Guangxi Vocational And Technical College Of Communications,,否,否
广西金融职业技术学院,Guangxi Financial Vocational College,,否,否
广西经济职业学院,Guangxi Economic Vocational College,,否,是
广西经贸职业技术学院,Guangxi Economic And Trade Vocational Institute,,否,否
广西警察学院,Guangxi Police College,,否,否
广西科技师范学院,Guangxi Science & Technology Normal University,,否,否
广西科技职业学院,Guangxi Vocational University Of Science & Technology,,否,是
广西蓝天航空职业学院,Guangxi Lantian Aviation Technical College,,否,是
广西理工职业技术学院,Guangxi Polytechnic Vocational School Of Technology,,否,是
广西民族大学相思湖学院,Xiangsihu College of GuangXi Minzu University,,是,否
广西民族师范学院,Guangxi Minzu Normal University,,否,否
广西农业工程职业技术学院,Guangxi Agricultural Engineering Vocational Technical College,,否,否
广西农业职业技术大学,Guangxi Vocational University of Agriculture,,否,否
广西培贤国际职业学院,Guangxi Peixian International College,,否,是
广西生态工程职业技术学院,Guangxi Eco-Engineering Vocational And Technical College,,否,否
广西水利电力职业技术学院,Guangxi College Of Water Resources And Electric Power,,否,否
广西体育高等专科学校,Guangxi College Of Physical Education,,否,否
广西外国语学院,Guangxi University of Foreign Languages,,否,是
广西卫生职业技术学院,Guangxi Medical College,,否,否
广西物流职业技术学院,Guangxi Logistics Vocational And Technical College,,否,否
广西现代职业技术学院,Guangxi Modern Polytechnic College,,否,否
广西信息职业技术学院,Guangxi University Of Information Engineering,,否,否
广西演艺职业学院,Guangxi Vocational College Of Performing Arts,,否,是
广西艺术学院,Guangxi Arts University,,否,否
广西英华国际职业学院,Guangxi Talent International College,,否,是
广西幼儿师范高等专科学校,Guangxi College For Preschool Education,,否,否
广西职业技术大学,Guangxi Polytechnic University,,否,否
广西职业师范学院,Guangxi Vocational Normal University,,否,否
广西制造工程职业技术学院,Guangxi Vocational & Technical College Of Manufacturing And Engineering,,否,否
广西质量工程职业技术学院,Guangxi Vocational and Technical College of Quality and Engineering,,否,否
广西智能制造职业技术学院,Guangxi Vocational and Technical College of Intelligent Manufacturing,,否,否
广西中医药大学赛恩斯新医药学院,Faculty of Chinese Medicine Science Guangxi university of Chinese medicine,,是,否
广西中远职业学院,Guangxi COSCO Vocational College,,否,是
广西自然资源职业技术学院,Guangxi Natural Resources Vocational And Technical College,,否,否
广元中核职业技术学院,Guangyuan China Nuclear Vocational And Technical College,,否,是
广州城建职业学院,Guangzhou City Construction College,,否,是
广州城市理工学院,Guangzhou City University of Technology,,否,是
广州城市职业学院,Guangzhou City Polytechnic,,否,否
广州东华职业学院,Guangzhou Donghua Vocation College,,否,是
广州工程技术职业学院,Guangzhou Institute Of Technology,,否,否
广州工商学院,Guangzhou College of Technology and Business,,否,是
广州航海学院,Guangzhou Maritime University,,否,否
广州华立科技职业学院,Guangzhou Huali Science And Technology Vocational College,,否,是
广州华立学院,Guangzhou Huali College,,否,是
广州华南商贸职业学院,Guangzhou Huanan Business College,,否,是
广州华商学院,Guangzhou Huashang College,,否,是
广州华商职业学院,Guangzhou Huashang Vocational College,,否,是
广州华夏职业学院,Guangzhou Huaxia Vocational College,,否,是
广州康大职业技术学院,Guangzhou Kangda Vocational Technical College,,否,是
广州科技贸易职业学院,Guangzhou Vocational College Of Technology & Business,,否,否
广州科技职业技术大学,Guangzhou Vocational University of Science and Technology,,否,是
广州理工学院,Guangzhou Institute of Science and Technology,,否,是
广州美术学院,Guangzhou Academy of Fine Arts,,否,否
广州民航职业技术学院,Guangzhou Civil Aviation College,,否,否
广州南方学院,"Nanfang College, Guangzhou",,否,是
广州南洋理工职业学院,Guangzhou Nanyang Polytechnic College,,否,是
广州软件学院,Software Engineering Institute of Guangzhou,,否,是
广州商学院,Guangzhou College of Commerce,,否,是
广州涉外经济职业技术学院,Guangzhou International Economics College,,否,是
广州松田职业学院,Guangzhou Sontan Polytechnic College,,否,是
广州体育职业技术学院,Guangzhou Sports Polytechnic,,否,否
广州铁路职业技术学院,Guangzhou Railway Polytechnic,,否,否
广州卫生职业技术学院,Guangzhou Health Science College,,否,否
广州现代信息工程职业技术学院,Guangzhou Modern Information Engineering College,,否,是
广州新华学院,Guangzhou Xinhua University,,否,是
广州应用科技学院,Guangzhou College of Applied Science and Technology,,否,是
广州幼儿师范高等专科学校,Guangzhou Preschool Teachers College,,否,否
广州职业技术大学,Guangzhou Polytechnic University,,否,否
广州珠江职业技术学院,Guangzhou Pearl-River Vocational College Of Technology,,否,是
硅湖职业技术学院,Silicon Lake College,,否,是
贵阳康养职业大学,Guiyang Kangyang University,,否,否
贵阳人文科技学院,Guiyang Institute of Humanities and Technology,,否,是
贵阳信息科技学院,Guiyang Institute of Information Science and Technology,,否,是
贵阳幼儿师范高等专科学校,Guiyang Preschool Educatlon College,,否,否
贵阳职业技术学院,Guiyang Vocational And Technical College,,否,否
贵州财经职业学院,Guizhou Vocational College Of Finance And Economics,,否,否
贵州城市职业学院,Guizhou City Vocational College,,否,是
贵州传媒职业学院,Guizhou Vocational College of Media and Communication,,否,否
贵州电力职业技术学院,Guizhou Electric Power Vocational And Technical College,,否,否
贵州电子科技职业学院,Guizhou Electronic Technology College,,否,否
贵州电子商务职业技术学院,Guizhou Electronic Commerce Vocational College,,否,否
贵州电子信息职业技术学院,Guizhou Vocational Technology College Of Electronics & Information,,否,否
贵州工程应用技术学院,Guizhou University of Engineering Science,,否,否
贵州工程职业学院,Guizhou Engineering Vocational College,,否,是
贵州工贸职业学院,Guizhou Vocational College Of Industry And Trade,,否,是
贵州工商职业大学,Guizhou Vocational University of Indestry & Commerce,,否,是
贵州工业职业技术大学,Guizhou Industry Polytechnic University,,否,否
贵州航空职业技术学院,Guizhou Aviation Vocational And Technical College,,否,否
贵州航天职业技术学院,Guizhou Aerospace Vocational And Technical College,,否,否
贵州护理职业技术学院,Guizhou Nursing Vocational College,,否,否
贵州机电职业技术学院,Guizhou Technological College Of Machinery And Electricity,,否,否
贵州建设职业技术学院,Guizhou Polytechnic Of Construction,,否,否
贵州健康职业学院,Guzhou College Of Health Prodessions,,否,否
贵州交通职业大学,Guizhou Communications Polytechnic University,,否,否
贵州经贸职业技术学院,Guizhou Vocational And Technical College Of Economics And Trade,,否,否
贵州警察学院,Guizhou Police College,,否,否
贵州理工学院,Guizhou Institute of Technology,,否,否
贵州民用航空职业学院,Guizhou Civil Aviation Vocational College,,否,是
贵州农业职业学院,Guizhou Vocational College Of Agriculture,,否,否
贵州黔南经济学院,Guizhou Qiannan Economic College,,否,是
贵州黔南科技学院,Guizhou Qiannan College of Science and Technology,,否,是
贵州轻工职业大学,Guizhou Light Industry Polytechnic University,,否,否
贵州商学院,Guizhou University of Commerce,,否,否
贵州生态能源职业学院,Guizhou Ecological Energy Vocational College,,否,否
贵州盛华职业学院,Guizhou Forerunner College,,否,是
贵州食品工程职业学院,Guizhou Vocational College Of Foodstuff Engineering,,否,否
贵州水利水电职业技术学院,Guizhou Vocational And Technical College Of Water Resources And Hydropower,,否,否
贵州体育职业学院,Guizhou Vocational College of Sports,,否,否
贵州铜仁数据职业学院,Guizhou Tongren Data Vocational College,,否,是
贵州文化旅游职业学院,Guizhou Vocational College Of Culture And Tourism,,否,否
贵州医科大学神奇民族医药学院,ShenQi Ethnic Medicine College of Guizhou Medical University,,是,否
贵州应用技术职业学院,Guizhou Vocational Institute Of Technology,,否,是
贵州职业技术学院,Guizhou Vocational Technology Institute,,否,否
贵州中医药大学时珍学院,Shizhen College of Guizhou University of Traditional Chinese Medicine,,是,否
贵州装备制造职业学院,Guizhou Equipment Manufacturing Vocational College,,否,否
桂林航天工业学院,Guilin University of Aerospace Technology,,否,否
桂林旅游学院,Guilin Tourism University,,否,否
桂林山水职业学院,Guilin Shanshui Vocational College,,否,是
桂林生命与健康职业技术学院,Guilin Life And Health Career Technical College,,否,是
桂林师范学院,Guilin Normal University,,否,否
桂林信息工程职业学院,Guilin Vocational College of Information Engineering,,否,是
桂林信息科技学院,Guilin Institute of Information Technology,,否,是
桂林学院,Guilin University,,否,是
哈尔滨北方航空职业技术学院,Harbin Northern Vocational Institute Of Aviation,,否,是
哈尔滨城市职业学院,Harbin City Vocational College,,否,是
哈尔滨传媒职业学院,Media Professional College Of Harbin,,否,是
哈尔滨电力职业技术学院,Harbin Electric Power Vocational Technology College,,否,否
哈尔滨广厦学院,Harbin Guangsha College,,否,是
哈尔滨华德学院,Harbin Huade University,,否,是
哈尔滨建筑科技职业大学,Harbin Vocational University of Construction Technology,,否,否
哈尔滨剑桥学院,Harbin Cambridge University,,否,是
哈尔滨金融学院,Harbin Finance University,,否,否
哈尔滨科学技术职业学院,Harbin Vocational College Of Science And Technology,,否,否
哈尔滨商贸职业学院,Harbin Commerce and Trade Vocational College,,否,是
哈尔滨石油学院,Harbin Institute of Petroleum,,否,是
哈尔滨铁道职业技术学院,Harbin Railway Technical College,,否,否
哈尔滨信息工程学院,Harbin Institute of Information Technology,,否,是
哈尔滨学院,Harbin University,,否,否
哈尔滨音乐学院,Harbin Conservatory of Music,,否,否
哈尔滨应用职业技术学院,Harbin Applied Vocational And Technical College,,否,是
哈尔滨幼儿师范高等专科学校,Harbin Preschool Teachers College,,否,否
哈尔滨远东理工学院,Harbin Far East Institute of Technology,,否,是
哈尔滨职业技术大学,Harbin Vocational and Technical University,,否,否
哈密职业技术学院,Hami Polytechnic,,否,否
海口经济学院,Haikou University of economics,,否,是
海口旅游职业学院,Haikou Tourism College,,否,否
海南比勒费尔德应用科学大学,Hainan Bielefeld University of Applied Sciences,,否,否
海南东方新丝路职业学院,Hainan Dongfang New Silk Road College,,否,是
海南工商职业学院,Hainan Technology And Business College,,否,是
海南健康管理职业技术学院,Hainan Health Management College,,否,是
海南经贸职业大学,Hainan College of Economics and Business,,否,否
海南警察学院,Hainan Police College,,否,否
海南科技职业大学,Hainan Vocational University of Science and Technology,,否,是
海南洛桑旅游大学,Hainan Lausanne Tourism University,,否,否
海南热带海洋学院,Hainan Tropical Ocean University,,否,否
海南软件职业技术学院,Hainan College Of Software Technology,,否,否
海南体育职业技术学院,Hainan Provinclal Sports Academy,,否,否
海南外国语职业学院,Hainan College Of Foreign Studies,,否,否
海南卫生健康职业学院,Hainan Health Vocational College,,否,否
海南艺术职业学院,Hainan Vocational Institute of Art,,否,否
海南政法职业学院,Hainan Vocational College Of Political Science And Law,,否,否
海南职业技术学院,Hainan College Of Vocation And Technique,,否,否
邯郸科技职业学院,Handan Vocational College Of Science And Technology,,否,否
邯郸学院,Handan University,,否,否
邯郸应用技术职业学院,Handan Vocational College of Applied Technology,,否,是
邯郸幼儿师范高等专科学校,Handan Preschool Teachers College,,否,否
邯郸职业技术学院,Handan Polytechnic College,,否,否
韩山师范学院,Hanshan Normal University,,否,否
汉江师范学院,Hanjiang Normal University,,否,否
汉口学院,Hankou University,,否,是
汉中职业技术学院,Hanzhong Vocational And Technical College,,否,否
杭州电子科技大学信息工程学院,Hangzhou Dianzi University Information Engineering School,,是,否
杭州科技职业技术学院,Hangzhou Polytechnic,,否,否
杭州师范大学钱江学院,Hangzhou Normal University Qianjiang College,,是,否
杭州万向职业技术学院,Hangzhou Wanxiang Polytechnic,,否,是
杭州职业技术大学,Hangzhou Polytechnic University,,否,否
合肥城市学院,HeFei City College,,否,是
合肥共达职业技术学院,Hefei Gongda Vocational And Technical College,,否,是
合肥经济学院,Hefei University of Economics,,否,是
合肥科技职业学院,Hefei Science And Technology College,,否,是
合肥理工学院,Hefei Institute of Technology,,否,否
合肥师范学院,Hefei Normal University,,否,否
合肥通用职业技术学院,Hefei Institute Of General Professional Technology,,否,否
合肥信息技术职业学院,Hefei Information Technology University,,否,是
合肥幼儿师范高等专科学校,Hefei Preschool Education College,,否,否
合肥职业技术学院,Hefei Technology College,,否,否
和君职业学院,Hejun College,,否,是
和田职业技术学院,Hetian Polytechnic,,否,否
河北传媒学院,Hebei Institute of Communications,,否,是
河北大学工商学院,"Industrial and Commercial College, Hebei University",,是,否
河北地质大学华信学院,Huaxin College of Hebei Geo University,,是,否
河北东方学院,Hebei Oriental University,,否,是
河北对外经贸职业学院,Hebei Institute Of International Business And Economics,,否,否
河北工程大学科信学院,"Kexin college, Hebei University of Engineering",,是,否
河北工程技术学院,Hebei University of Engineering Science,,否,是
河北工业职业技术大学,Hebei Vocational University of Industry and Technology,,否,否
河北工艺美术职业学院,Hebei Art&Design Academy,,否,否
河北公安警察职业学院,Hebei Public Security Police Vocational College,,否,否
河北轨道运输职业技术学院,Hebei Vocational College Of Rail Transportation,,否,否
河北化工医药职业技术学院,Hebei Chemical & Pharmaceutical College,,否,否
河北环境工程学院,Hebei University of Environmental Engineering,,否,否
河北机电职业技术学院,Hebei Institute Of Mechanical And Electroninc Technology,,否,否
河北建材职业技术学院,Hebei Polytechnic Of Building Materials,,否,否
河北建筑工程学院,Hebei University of Architecture,,否,否
河北交通职业技术学院,Hebei Jiaotong Vocational And Technical College,,否,否
河北金融学院,Hebei Finance University,,否,否
河北经贸大学经济管理学院,College of Economics & Management Hebei University of Economics & Business,,是,否
河北科技工程职业技术大学,Hebei Vocational University of Technology And Engineering,,否,否
河北科技师范学院,Hebei Normal University of Science and Technology,,否,否
河北科技学院,Hebei College of Science and Technology,,否,是
河北劳动关系职业学院,Hebei Vocational College Of Labour Relations,,否,否
河北旅游职业学院,Hebei Tourism College,,否,否
河北美术学院,Hebei Academy of Fine Arts,,否,是
河北民族师范学院,Hebei Minzu Normal University,,否,否
河北能源职业技术学院,Hebei Energy College Of Vocation And Technology,,否,否
河北农业大学现代科技学院,College of Modern Science and Technology Hebei Agricultural University,,是,否
河北女子职业技术学院,Hebei Women's Vocational College,,否,否
河北软件职业技术学院,Hebei Software Institute,,否,否
河北师范大学汇华学院,Huihua College of Hebei Normal University,,是,否
河北石油职业技术大学,Hebei Petroleum University of Technology,,否,否
河北石油职业技术学院,Hebei Technical College Of Petroleum Profession,,否,否
河北水利电力学院,Hebei University of Water Resources and Electric Engineering,,否,否
河北司法警官职业学院,Hebei Vocational College For Correctional Police,,否,否
河北体育学院,Hebei Sport University,,否,否
河北外国语学院,Hebei International Studies University,,否,是
河北医科大学临床学院,Clinical College of Hebei Medical University,,是,否
河北艺术职业学院,Hebei Vocational Art College,,否,否
河北正定师范高等专科学校,Zhengding Advanced Normal College Of Hebei,,否,否
河北政法职业学院,Hebei Vocational College Of Politics And Law,,否,否
河北资源环境职业技术学院,Hebei Vocational and Technical College of Resources and Environment,,否,否
河池学院,Hechi University,,否,否
河南财政金融学院,Henan Finance University,,否,否
河南测绘职业学院,Henan College Of Surveying And Mapping,,否,否
河南城建学院,Henan University of Urban Construction,,否,否
河南地矿职业学院,Henan Geology Mineral College,,否,否
河南对外经济贸易职业学院,Henan Institute Of Foreign Economic Relations And Trade,,否,否
河南工程学院,Henan University Of Engineering,,否,否
河南工学院,Henan Institute of Technology,,否,否
河南工业和信息化职业学院,Henan College Of Industry&Information Technology,,否,否
河南工业贸易职业学院,Henan Industry And Trade Vocational College,,否,否
河南工业职业技术大学,Henan University of Industry Technology,,否,否
河南护理职业学院,Henan Vocational College Of Nursing,,否,否
河南机电职业学院,Henan Mechanical And Electrical Vocational College,,否,否
河南检察职业学院,The College Of Henan Procuratorial Profession,,否,否
河南建筑职业技术学院,Henan Technical College Of Construction,,否,否
河南交通职业技术学院,Henan College Of Transportation,,否,否
河南经贸职业学院,Henan Institute Of Economics And Trade,,否,否
河南开封科技传媒学院,Henan Kaifeng College of Science Technology and Communication,,否,是
河南科技职业大学,Henan Vocational University of Science and Technology,,否,是
河南林业职业学院,Henan Forestry Vocational College,,否,否
河南牧业经济学院,Henan University of Animal Husbandry and Economy,,否,否
河南农业职业学院,Henan Vocational College Of Agriculture,,否,否
河南女子职业学院,Henan Women's Vocational College,,否,否
河南轻工职业学院,Henan Light Industry Vocational College,,否,否
河南水利与环境职业学院,Henan Vocational College Of Water Conservancy And Environment,,否,否
河南司法警官职业学院,Henan Justice Police Vocational College,,否,否
河南体育学院,Henan Sport University,,否,否
河南推拿职业学院,Henan Vocational College Of Tuina,,否,否
河南物流职业学院,Henan Logistics Vocational College,,否,否
河南新乡工商职业学院,Henan Xinxiang Vocational College of Industry and Commerce,,否,是
河南信息科技学院,,,否,否
河南信息统计职业学院,Henan Vocational College Of Information And Statistics,,否,否
河南医学高等专科学校,Henan Medical College,,否,否
河南艺术职业学院,Henan Vocational Institute Of Arts,,否,否
河南应用技术职业学院,Henan Vocational College Of Applied Technology,,否,否
河南职业技术学院,Henan Vocational & Technical College,,否,否
河南质量工程职业学院,Henan Quality Polytechnic,,否,否
河套学院,Hetao college,,否,否
河西学院,Hexi University,,否,否
河源职业技术学院,Heyuan Polytechnic,,否,否
菏泽家政职业学院,Heze Jia Zheng Vocational College,,否,否
菏泽生物医药职业学院,Heze Biomedicine Vocational College,,否,是
菏泽学院,Heze University,,否,否
菏泽医学专科学校,Heze Medical College,,否,否
菏泽职业学院,Heze Vocational College,,否,否
贺州学院,Hezhou University,,否,否
鹤壁能源化工职业学院,Hebi Vocational College Of Energy And Chemistry,,否,否
鹤壁汽车工程职业学院,Hebi Automobile Engineering Professional College,,否,是
鹤壁职业技术学院,Hebi Polytechnic,,否,否
鹤岗师范高等专科学校,Hegang Teachers College,,否,否
黑河学院,Heihe University,,否,否
黑龙江冰雪体育职业学院,Heilongjiang Vocational College Of Winter Sport,,否,否
黑龙江财经学院,Heilongjiang University of Finance and Economic,,否,是
黑龙江东方学院,East University of Heilongjiang,,否,是
黑龙江工程学院,Heilongjiang Institute of Technology,,否,否
黑龙江工程学院昆仑旅游学院,"Kunlun Tourism College, Heilongjiang University of Engineering",,是,否
黑龙江工商学院,Heilongjiang University of Business and Technology,,否,是
黑龙江工业学院,Heilongjiang University of Technology,,否,否
黑龙江公安警官职业学院,Heilongjiang Police College,,否,否
黑龙江护理高等专科学校,Heilongjiang Nursing College,,否,否
黑龙江交通职业技术学院,Heilongjiang Communications Polytechnic,,否,否
黑龙江林业职业技术学院,Heilongjiang Forestry Vocational-Technical College,,否,否
黑龙江旅游职业技术学院,Heilongjiang Vocational College Of Tourism,,否,否
黑龙江民族职业学院,Heilongjiang Vocational College For Nationalities,,否,否
黑龙江能源职业学院,Heilongjiang Energy Career Academy,,否,否
黑龙江农垦职业学院,Heilongjiang Agricultural Reclamation Vocational College，Arvc,,否,否
黑龙江农业工程职业技术大学,Heilongjiang Agricultural Engineering Vocational and Technical University,,否,否
黑龙江农业经济职业学院,Heilongjiang Agricultural Economyvocational College,,否,否
黑龙江农业职业技术学院,Heilongjiang Vocational College Of Agricultural And Technology,,否,否
黑龙江三江美术职业学院,Heilongjiang Sanjiang Vocational College Of Fine Arts,,否,是
黑龙江商业职业学院,Heilongjiang Vocational College Of Commerce,,否,否
黑龙江生态工程职业学院,Heilongjiang Vocational Institute Ecological Engineering,,否,否
黑龙江司法警官职业学院,The Professional Judicial Police College Of Heilongjiang,,否,否
黑龙江外国语学院,Heilongjiang International University,,否,是
黑龙江艺术职业学院,Heilongjiang Vocational College Of Art,,否,否
黑龙江幼儿师范高等专科学校,Heilongjiang Preschool Education College,,否,否
黑龙江职业学院,Heilongjiang Polytechnic,,否,否
衡水健康科技职业学院,Hengshui Health Technology Vocational College,,否,否
衡水学院,Hengshui University,,否,否
衡水职业技术学院,Hengshui College Of Vocational And Technology,,否,否
衡阳科技职业学院,Hengyang Vocationa College of Science and Technology,,否,是
衡阳理工职业学院,Hengyang Polytechnic Vocational College,,否,是
衡阳师范学院,Hengyang Normal University,,否,否
衡阳师范学院南岳学院,Nanyue College of Hengyang Normal University,,是,否
衡阳幼儿师范高等专科学校,Hengyang Preschool Normal College,,否,否
红河卫生职业学院,Honghe Health Vocational College,,否,否
红河学院,Honghe University,,否,否
红河职业技术学院,Honghe Vocational And Technical College,,否,否
呼和浩特民族学院,Hohhot Minzu College,,否,否
呼和浩特职业技术大学,Hohhot Polytechnic University,,否,否
呼伦贝尔学院,Hulunbuir University,,否,否
呼伦贝尔职业技术学院,Hulunbuir Vocational Technical College,,否,否
湖北财税职业学院,Hubei Finace & Taxation College,,否,否
湖北城市建设职业技术学院,Hubei Urban Construction Vocational And Technological College,,否,否
湖北大学知行学院,Zhixing College of Hubei University,,是,否
湖北恩施学院,Hubei Enshi College,,否,是
湖北工程学院,Hubei Engineering University,,否,否
湖北工程学院新技术学院,"College of Technology, Hubei Engineering University",,是,否
湖北工程职业学院,Hubei Engineering Institute,,否,否
湖北工业大学工程技术学院,Hubei University of Technology Engineering and Technology College,,是,否
湖北工业职业技术学院,Hubei Industrial Polytechnic,,否,否
湖北国土资源职业学院,Hubei Land Resources Vocational College,,否,否
湖北黄冈应急管理职业技术学院,Hubei Polytechnic Of Emergency Management,,否,否
湖北健康职业学院,Hubei Health Vocational College,,否,是
湖北交通职业技术学院,Hubei Communications Technical College,,否,否
湖北经济学院法商学院,Law & Business College of Hubei University of Economics,,是,否
湖北警官学院,Hubei University of Police,,否,否
湖北开放职业学院,Hubei Open Vocational University,,否,是
湖北科技职业学院,Hubei Science And Technology College,,否,否
湖北理工学院,Hubei Polytechnic University,,否,否
湖北美术学院,Hubei Institute of Fine Arts,,否,否
湖北汽车工业学院科技学院,Science and Technology College of Hubei University of Automotive Technology,,是,否
湖北青年职业学院,,,否,否
湖北轻工职业技术学院,Hubei Light Industry Technology Institute,,否,否
湖北三峡航空学院,Hubei Three Gorges Aviation Institute,,否,是
湖北三峡职业技术大学,Hubei Three Gorges Technical University,,否,否
湖北商贸学院,Hubei Business College,,否,是
湖北生态工程职业技术学院,Hubei Ecology Polytechnic College,,否,否
湖北生物科技职业学院,Hubei Vocational College Of Bio-Technology,,否,否
湖北师范大学文理学院,College of Arts and Science of Hubei Normal University,,是,否
湖北水利水电职业技术学院,Hubei Water Resource Technical College,,否,否
湖北体育职业学院,Hubei Sports Vocational College,,否,否
湖北铁道运输职业学院,Hubei Vocational College Of Railway Transportation,,否,否
湖北文理学院理工学院,Science and Technology College of Hubei University of Arts and Science,,是,否
湖北孝感美珈职业学院,Meiga Polytechnic Institute Of Hubei,,否,是
湖北医药学院药护学院,"Institute of Medicine and Nursing, Hubei University of Medicine",,是,否
湖北艺术职业学院,Hubei College Of The Art,,否,否
湖北幼儿师范高等专科学校,Hubei Preschool Teachers College,,否,否
湖北职业技术学院,Hubei Polytechnic Institute,,否,否
湖北中医药高等专科学校,Hubei College Of Chinese Medicine,,否,否
湖南安全技术职业学院,Hunan Vocational Insitute Of Safety Technology,,否,否
湖南财经工业职业技术学院,Hunan Financial & Industrial Vocational-Technical College,,否,否
湖南财政经济学院,Hunan University of Finance and Economics,,否,否
湖南城建职业技术学院,Hunan Urban Construction College,,否,否
湖南城市学院,Hunan City University,,否,否
湖南大众传媒职业技术学院,Hunan Mass Media Vocational And Technical College,,否,否
湖南电气职业技术学院,Hunan Electrical College Of Technology,,否,否
湖南电子科技职业学院,Hunan Vocational College Of Electronic And Technology,,否,是
湖南都市职业学院,Hunan Urban Professional College,,否,是
湖南高尔夫旅游职业学院,Hunan Golf And Tourism College,,否,是
湖南高速铁路职业技术学院,Hunan Technical College Of Railway High-Speed,,否,否
湖南工程学院,Hunan Institute of Engineering,,否,否
湖南工程学院应用技术学院,"Applied Technical School, Hunan Institute of Engineering",,是,否
湖南工程职业技术学院,Hunan Vocational College Of Engineering,,否,否
湖南工商职业学院,Hunan Technology And Commerca College,,否,是
湖南工学院,Hunan Institute of Technology,,否,否
湖南工业大学科技学院,College of Science and Technology HNUT,,是,否
湖南工业职业技术学院,Hunan Industry Polytechnic,,否,否
湖南工艺美术职业大学,Hunan Arts and Crafts Vocational University,,否,否
湖南国防工业职业技术学院,Hunan Defense Industry Polytechnic,,否,否
湖南化工职业技术大学,Hunan Chemical Technical University,,否,否
湖南环境生物职业技术学院,Hunan University Of Environment And Biology,,否,否
湖南机电职业技术学院,Hunan Mechanical Electrical Polytechnic,,否,否
湖南吉利汽车职业技术学院,Hunan Geely Automobile College,,否,是
湖南交通工程学院,Hunan Institute of Traffic Engineering,,否,是
湖南交通职业技术学院,Hunan Communication Engineering Polytechnic,,否,否
湖南警察学院,Hunan Police Academy,,否,否
湖南九嶷职业技术学院,Hunan Jiuyi Technical College,,否,否
湖南科技大学潇湘学院,"Xiaoxiang College, Hunan University of Science and Technology",,是,否
湖南科技学院,Hunan University of Science and Engineering,,否,否
湖南科技职业学院,Hunan Vocational College Of Technology,,否,否
湖南劳动人事职业学院,Hunan Labor And Human Resources Vocational College,,否,否
湖南理工职业技术学院,Hunan Vocational Institute Of Technicalogy,,否,否
湖南民族职业学院,Hunan Vocational College For Nationalities,,否,否
湖南农业大学东方科技学院,Orient Science & Technology College of Hunan Agriculture University,,是,否
湖南女子学院,Hunan Women's University,,否,否
湖南汽车工程职业大学,Hunan Automotive Engineering Vocational University,,否,否
湖南人文科技学院,"Hunan University of Humanities, Science and Technology",,否,否
湖南软件职业技术大学,Hunan Software Vocational and Technical University,,否,是
湖南三一工业职业技术学院,Hunan Trinity Industrial Vocational And Technical College,,否,是
湖南商务职业技术学院,Hunan Vocational College Of Commerce,,否,否
湖南涉外经济学院,Hunan International Economics University,,否,是
湖南生物机电职业技术学院,Hunan Biological Electromechanical Vocational Technical College,,否,否
湖南石油化工职业技术学院,Hunan Petrochemical Vocational And Technical College,,否,否
湖南食品药品职业学院,Hunan Food And Drug Vocational College,,否,否
湖南水利水电职业技术学院,Hunan Polytechnic Of Water Resources And Electric Power,,否,否
湖南税务高等专科学校,Tax Academy of STA (CHANGSHA),,否,否
湖南司法警官职业学院,Hunan Judicial Police Vocational College,,否,否
湖南体育职业学院,Hunan Sports Vocational College,,否,否
湖南铁道职业技术学院,Hunan Railway Professional Technology College,,否,否
湖南铁路科技职业技术学院,Hunan Vocational College Of Railway Technology,,否,否
湖南外国语职业学院,Hunan College Of Foreign Studies,,否,是
湖南外贸职业学院,Hunan International Business Vocational College,,否,否
湖南网络工程职业学院,Hunan Network Engineering Vocational College,,否,否
湖南文理学院,Hunan University of Arts and Science,,否,否
湖南现代物流职业技术学院,Hunan Modern Logistics College,,否,否
湖南信息学院,Hunan University of Information Technology,,否,是
湖南信息职业技术学院,Hunan College Of Information,,否,否
湖南医药学院,Hunan University of Medicine,,否,否
湖南艺术职业学院,Hunan Vocational College Of Art,,否,否
湖南应用技术学院,Hunan Applied Technology University,,否,是
湖南邮电职业技术学院,Hunan Post And Telecommunication College,,否,否
湖南有色金属职业技术学院,Hunan Nonferrous Metals Vocational And Technical College,,否,否
湖南幼儿师范高等专科学校,Hunan College For Preschool Education,,否,否
湖南中医药大学湘杏学院,Xiangxing College of Hunan University of TCM,,是,否
湖南中医药高等专科学校,Hunan Traditional Chinese Medical College,,否,否
湖州健康职业学院,Huzhou Health Vocational College,,否,是
湖州职业技术学院,Huzhou Vocational & Technical College,,否,否
华北科技学院,University of Emergency Management,,否,否
华北理工大学冀唐学院,Jitang College Of North China University of Science and Technology,,是,否
华北理工大学轻工学院,"Qing Gong college, North China University of Science and Technology",,是,否
华南农业大学珠江学院,"Zhujiang College, South China Agriculture University",,是,否
怀化工商职业技术学院,Huaihua Industrial and Commercial College,,否,否
怀化师范高等专科学校,Huaihua Normal College,,否,否
怀化学院,Huaihua University,,否,否
怀化职业技术学院,Huaihua Polytechnic College,,否,否
淮北理工学院,Huaibei Institute of Technology,,否,是
淮北职业技术学院,Huaibei Vocational And Technical College,,否,否
淮南联合大学,Huainan Union University,,否,否
淮南师范学院,Huainan Normal University,,否,否
淮南职业技术学院,Huainan Vocational Technical College,,否,否
黄冈科技职业学院,Huanggang College Of Science And Technology,,否,是
黄冈职业技术大学,Huanggang Polytechnic University,,否,否
黄河交通学院,Huanghe Jiaotong University,,否,是
黄河科技学院,Huanghe S & T University,,否,是
黄河水利职业技术大学,Yellow River Conservancy Technical University,,否,否
黄淮学院,Huanghuai University,,否,否
黄山健康职业学院,Huangshan Health Vocational College,,否,是
黄山学院,Huangshan University,,否,否
黄山职业技术学院,Huangshan Vocational Technical College,,否,否
徽商职业学院,Huishang Vocational College,,否,否
惠州城市职业学院,City College of Huizhou,,否,否
惠州工程职业学院,Huizhou Engineering Vocational College,,否,否
惠州经济职业技术学院,Huizhou Economics And Polytechnic College,,否,是
惠州卫生职业技术学院,Huizhou Health Sciences Polytechnic,,否,否
吉安幼儿师范高等专科学校,Ji'an Preschool Education College,,否,否
吉安职业技术学院,Ji'an College,,否,否
吉利学院,Geely University of China,,否,是
吉林城市职业技术学院,Jilin Institute Of Urban Vocational Technology,,否,是
吉林电子信息职业技术学院,Jilin College Of Electronic Information,,否,否
吉林动画学院,Jilin Animation Institute,,否,是
吉林工程技术师范学院,Jilin Engineering Normal University,,否,否
吉林工程职业学院,Jilin Engineering Vocational College,,否,否
吉林工商学院,Jilin Business and Technology College,,否,否
吉林工业职业技术学院,Jilin Vocational College Of Industry And Technology,,否,否
吉林化工大学,Jilin University of Chemical Technology,,否,否
吉林建筑科技学院,Jilin University of Architecture and Technology,,否,是
吉林交通职业技术学院,Jilin Communications Polytechnic,,否,否
吉林警察学院,Jilin Police College,,否,否
吉林科技职业技术学院,Jilin Science And Technology Vocational College,,否,是
吉林农业科技学院,Jilin Agricultural Science and Technology University,,否,否
吉林师范大学博达学院,Boda College of Jilin Normal University,,是,否
吉林水利电力职业学院,Jilin Polytechnic Of Water Resources And Electric Engineering,,否,否
吉林司法警官职业学院,The Judicial Jilin Police College,,否,否
吉林体育学院,Jilin Institute of Physical Education,,否,否
吉林铁道职业技术大学,Jilin Tiedao University,,否,否
吉林通用航空职业技术学院,Jilin General Aviation Vocational And Technical College,,否,否
吉林外国语大学,Jilin International Studies University,,否,是
吉林医药学院,Jilin Medical University,,否,否
吉林艺术学院,Jilin University of Arts,,否,否
吉林职业技术学院,Jilin Vocational And Technical College,,否,是
集美大学诚毅学院,"Chengyi College, Jimei University",,是,否
集美工业职业学院,Jimei Polytechnic Vocational College,,否,否
集宁师范学院,Jining Normal University,,否,否
济南工程职业技术学院,Jinan Engineering Vocational Technical College,,否,否
济南护理职业学院,Jinan Vocational College Of Nursing,,否,否
济南幼儿师范高等专科学校,Jinan Preschool Education College,,否,否
济南职业学院,Jinan Vocational College,,否,否
济宁汽车工程职业学院,Jining Vocational College of Automobile Engineering,,否,是
济宁学院,Jining University,,否,否
济宁职业技术学院,Jining Polytechnic,,否,否
济源职业技术学院,Jiyuan Vocational And Technical College,,否,否
冀中职业学院,Jizhong Vocational College,,否,否
佳木斯职业学院,Jiamusi Vocational College,,否,否
嘉兴南湖学院,Jiaxing Nanhu University,,否,否
嘉兴南洋职业技术学院,Jiaxing Nanyang Polytechnic Institute,,否,是
嘉兴职业技术学院,Jiaxing Vocational & Technical College,,否,否
嘉应学院,Jiaying University,,否,否
建东职业技术学院,Jiandong Vocational And Technical College,,否,是
江海职业技术学院,Jianghai College,,否,是
江汉艺术职业学院,Jianghan Art Vocational College,,否,否
江门职业技术学院,Jiangmen Vocational And Polytechnic College,,否,否
江南影视艺术职业学院,Jiangnan Vocational College Of Media Arts,,否,是
江苏安全技术职业学院,Jiangsu College Of Safety Technology,,否,否
江苏财会职业学院,Jiangsu College Of Finance & Accounting,,否,否
江苏财经职业技术学院,Jiangsu Vocational College Of Finance And Economics,,否,否
江苏城市职业学院,The City Vocational College Of Jiangsu,,否,否
江苏城乡建设职业学院,Jiangsu Urban And Rural Construction College,,否,否
江苏大学京江学院,Jiangsu University Jingjiang College,,是,否
江苏第二师范学院,Jiangsu Second Normal University,,否,否
江苏电子信息职业学院,Jiangsu Vocational College Of Electronics And Information，Jsei,,否,否
江苏工程职业技术学院,Jiangsu College Of Engineering And Technology,,否,否
江苏海事职业技术学院,Jiangsu Maritime Institute,,否,否
江苏航空职业技术学院,Jiangsu Aviation Technical College,,否,否
江苏航运职业技术学院,Jiangsu Shipping College,,否,否
江苏护理职业学院,Jiangsu Collge Of Nursing,,否,否
江苏建筑职业技术大学,Jiangsu University of Architectural Technology,,否,否
江苏经贸职业技术学院,Jiangsu Vocational Institute Of Commerce,,否,否
江苏科技大学苏州理工学院,"Suzhou Institute of Technology, Jiangsu University of Science and Technology",,是,否
江苏联合职业技术学院,Jiangsu Union Technical Institute,,否,否
江苏旅游职业学院,Jiangsu Vocational College Of Tourism,,否,否
江苏农林职业技术学院,Jiangsu Vocational College Of Agriculture And Forestry,,否,否
江苏农牧科技职业学院,Jiangsu Agri-Animal Husbandry Vocational College,,否,否
江苏商贸职业学院,Jiangsu Vocational College Of Business,,否,否
江苏师范大学科文学院,Jiangsu Normal University Kewen College,,是,否
江苏食品药品职业技术学院,Jiangsu Food & Pharmaceutical Science College,,否,否
江苏司法警官职业学院,Jiangsu Justice Police College,,否,否
江苏卫生健康职业学院,Jiangsu Health Vocational College,,否,否
江苏信息职业技术学院,Jiangsu Vocational College Of Information Technology,,否,否
江苏医药职业学院,Jiangsu Vocational College Of Medicine,,否,否
江西财经大学现代经济管理学院,College of Modern Economics & Management JUFE,,是,否
江西财经职业学院,Jiangxi Vocational College Of Finance And Economis,,否,否
江西传媒职业学院,Jiangxi Media Vocational College,,否,否
江西电力职业技术学院,Jiangxi Vocational & Technical College Of Electricity,,否,否
江西电子信息职业技术学院,Jiangxi Electronic Information Polytechnic College,,否,否
江西飞行学院,Jiangxi Flight University,,否,否
江西枫林涉外经贸职业学院,Jiangxi Fenglin College Of Foreign Economy & Trade,,否,是
江西服装学院,Jiangxi Institute of Fashion Technology,,否,是
江西工程学院,Jiangxi University of Engineering,,否,是
江西工程职业学院,Jiangxi Engineering Vocational College,,否,否
江西工商职业技术学院,Jiangxi Technology Business Polytechnic,,否,是
江西工业工程职业技术学院,Jiangxi Vocational College Of Industry & Engineering,,否,否
江西工业贸易职业技术学院,Jiangxi Vocational Technical College Of Lndustry & Trade,,否,否
江西工业职业技术学院,Jiangxi Industry Polytechnic College,,否,否
江西管理职业学院,Jiangxi Management Vocational College,,否,否
江西航空职业技术学院,Jiangxi Aviation Vocational And Technical College,,否,是
江西洪州职业学院,Jiangxi Hongzhou Vocational College,,否,是
江西环境工程职业学院,Jiangxi Environmental Engineering Vocational College,,否,否
江西机电职业技术学院,Jiangxi Vocational College Of Mechanical & Electrical Technology,,否,否
江西建设职业技术学院,Jiangxi College Of Construction,,否,否
江西交通职业技术学院,Jiangxi V&T College Of Communications,,否,否
江西经济管理职业学院,Jiangxi Institute Of Economic Administrators,,否,否
江西警察学院,Jiangxi Police Institute,,否,否
江西科技学院,Jiangxi University of Technology,,否,是
江西科技职业学院,Jiangxi Vocational College Of Technology,,否,是
江西旅游商贸职业学院,Jiangxi Tourism And Commerce Vocational College,,否,否
江西农业大学南昌商学院,Nanchang Business College of JXAU,,是,否
江西农业工程职业学院,Jiangxi Agricultural Engineering College,,否,否
江西青年职业学院,Jiangxi Youth Vocational College,,否,否
江西软件职业技术大学,Jiangxi University of Software Professional Technology,,否,是
江西生物科技职业学院,Jiangxi Biotech Vocational College,,否,否
江西师范大学科学技术学院,Jiangxi Normal University Science and Technology College,,是,否
江西师范高等专科学校,Jiangxi Teachers College,,否,否
江西水利职业学院,Jiangxi Water Resources Institute,,否,否
江西司法警官职业学院,Jiangxi Justice Police Vocational College,,否,否
江西陶瓷工艺美术职业技术学院,Jiangxi Arts & Ceramics Technology Institute,,否,否
江西外语外贸职业大学,Jiangxi Vocational University of Foreign Studies,,否,否
江西卫生职业学院,Jiangxi Health Vocational College,,否,否
江西婺源茶业职业学院,Jiangxi Wuyuan Tea Vocational College,,否,否
江西现代职业技术学院,Jiangxi Modern Polytechnic College,,否,否
江西新能源科技职业学院,Jiangxi New Energy Technology Institute,,否,是
江西信息应用职业技术学院,Jiangxi Vocational And Technical College Of Information Application,,否,否
江西冶金职业技术学院,Jiangxi Metallurgical Vocational And Technical College,,否,否
江西医学高等专科学校,Jiangxi Medical College,,否,否
江西艺术职业学院,Jiangxi Vocational Academy Of Art,,否,否
江西应用工程职业学院,Jiangxi Application Engineering Vocational College,,否,否
江西应用技术职业学院,Jiangxi College Of Applied Technology,,否,否
江西应用科技学院,Jiangxi Institute of Applied Science and Technology,,否,是
江西樟树中医药职业学院,Jiangxi Zhangshu Vocational College of Traditional Chinese Medicine,,否,是
江西职业技术大学,Jiangxi Polytechnic University,,否,否
江西制造职业技术学院,Jiangxi Technical College of Manufacturing,,否,否
江阳城建职业学院,Jiangyang City Construction College,,否,是
江阴职业技术学院,Jiangyin Polytechnic College,,否,否
焦作大学,Jiaozuo University,,否,否
焦作工贸职业学院,Jiaozuo College of Industry and Trade,,否,是
焦作师范高等专科学校,Jiaozuo Teachers College,,否,否
焦作新材料职业学院,Jiaozuo Vocational College of New Materials,,否,是
揭阳职业技术学院,Jieyang Polytechnic,,否,否
金华职业技术大学,Jinhua University of Vocational Technology,,否,否
金肯职业技术学院,Jinken College Of Technology,,否,是
金山职业技术学院,Jinshan Vocational Technical College,,否,是
锦州师范高等专科学校,Jinzhou Normal College,,否,否
锦州医科大学医疗学院,Medical College of Jinzhou Medical University,,是,否
晋城职业技术学院,Jincheng Institute Of Technology,,否,否
晋中健康学院,Jinzhong College of Health,,否,是
晋中师范高等专科学校,Jinzhong Normal Junior College,,否,否
晋中信息学院,Jinzhong College of Information,,否,是
晋中学院,Jinzhong University,,否,否
晋中职业技术学院,Jinzhong Vocational And Technical College,,否,否
荆楚理工学院,Jingchu University of Technology,,否,否
荆门通用航空职业技术学院,Jingmen Technical College of General Aviation,,否,否
荆门职业学院,Jingmen Vocational College,,否,否
荆州理工职业学院,Jingzhou Vocational College Of Technology,,否,否
荆州学院,Jingzhou University,,否,是
荆州职业技术学院,Jingzhou Institute Of Technology,,否,否
景德镇陶瓷职业技术学院,Jingdezhen Ceramic Vocational Technical College,,否,是
景德镇学院,Jingdezhen University,,否,否
景德镇艺术职业大学,Jingdezhen Vocational University of Art,,否,是
九江科技职业大学,Jiujiang Polytechnic University of Science and Technology,,否,是
九江理工职业学院,Jiujiang Insititute Of Technology,,否,是
九江卫生健康职业学院,Jiujiang Health Vocational College,,否,否
九江学院,Jiujiang University,,否,否
九江职业大学,Jiujiang Vocational University,,否,否
九州职业技术学院,Jiuzhou Polytechnic,,否,是
酒泉职业技术大学,Jiuquan Vocational Technical University,,否,否
喀什大学,Kashi University,,否,否
喀什理工职业技术学院,Kashi Polytechnic Vocational and Technical College,,否,否
喀什职业技术学院,Kashgar Vocational and Technical College,,否,否
开封大学,Kaifeng University,,否,否
开封工程职业学院,Kaifeng Engineering Vocational College,,否,是
开封文化艺术职业学院,Kaifeng Vocational College Of Culture And Arts,,否,否
开封职业学院,Kaifeng Vocational College,,否,是
开封智慧健康职业学院,Kaifeng Smart Health Vocational College,,否,是
凯里学院,Kaili University,,否,否
康复大学,University of Health and Rehabilitation Sciences,,否,否
科尔沁艺术职业学院,Horqin Vocational College Of Art,,否,否
可克达拉职业技术学院,Cocodala Vocational and Technical College,,否,否
克拉玛依职业技术学院,Karamay Vocational & Technical College,,否,否
克孜勒苏职业技术学院,Kizilsu Vocational Technical College,,否,否
昆明城市学院,Kunming City University,,否,是
昆明传媒学院,Communication University of Kunming,,否,是
昆明工业职业技术学院,Kunming Vocational And Technical College Of Industry,,否,否
昆明航空职业学院,Kunming Aviation Vocational College,,否,是
昆明科技职业大学,Kunming Vocational University of Science and Technology,,否,是
昆明理工大学津桥学院,Kunming University of Science and Technology Oxbridge College,,是,否
昆明铁道职业技术学院,Kunming Railway Vocational Technical College,,否,否
昆明卫生职业学院,Kunming Health Vocational College,,否,是
昆明文理学院,The College of Arts and Sciences·Kunming,,否,是
昆明冶金职业大学,Kunming Metallurgy University,,否,否
昆明医科大学海源学院,Kunming Medical University Hai Yuan College,,是,否
昆明艺术职业学院,Kunming Professional College Of Arts,,否,是
昆明幼儿师范高等专科学校,Kunming Preschool Teachers College,,否,否
昆山登云科技职业学院,Kunshan Dengyun College Of Science And Technology,,否,是
昆玉职业技术学院,Kunyu Vocational Technical College,,否,否
拉萨师范学院,Lasa Normal University,,否,否
莱芜职业技术学院,Laiwu Vocational And Technical College,,否,否
兰考三农职业学院,Lankao Vocational College Of San Nong,,否,否
兰州博文科技学院,Lanzhou Bowen College of Science and Technology,,否,是
兰州城市学院,Lanzhou City University,,否,否
兰州工商学院,Lanzhou Technology and Business College,,否,是
兰州工业学院,Lanzhou Institute of Technology,,否,否
兰州航空职业技术学院,Lanzhou Aviation Technology College,,否,否
兰州科技职业学院,Lanzhou Vocational College Of Science&Technology,,否,是
兰州石化职业技术大学,Lanzhou Petrochemical University of Vocational Technology,,否,否
兰州外语职业学院,Lanzhou College of Foreign Studies,,否,是
兰州文理学院,Lanzhou University of Arts and Science,,否,否
兰州现代职业学院,Lanzhou Modern Vocational College,,否,否
兰州信息科技学院,Lanzhou University of Information Science and Technology,,否,是
兰州职业技术学院,Lanzhou Vocational Technical College,,否,否
兰州资源环境职业技术大学,Lanzhou Resource & Environment Voc-Tech University,,否,否
廊坊师范学院,Langfang Normal University,,否,否
廊坊卫生职业学院,Langfang Health Vocational College,,否,否
廊坊燕京职业技术学院,Langfang Yanjing Vocational Technical College,,否,否
廊坊职业技术学院,Langfang Polytechnic Institute,,否,否
乐山师范学院,Leshan Normal University,,否,否
乐山职业技术学院,Leshan Vocational And Technical College,,否,否
黎明职业大学,Liming Vocational University,,否,否
丽江师范学院,Lijiang Normal University,,否,否
丽江文化旅游学院,Lijiang Culture and Tourism College,,否,是
丽江职业技术学院,Lijiang Vocational and Technical College,,否,否
丽水职业技术学院,Lishui Vocational And Technical College,,否,否
连云港师范学院,Lianyungang Normal University,,否,否
连云港职业技术学院,Lianyungang Technical College,,否,否
辽东学院,Liaodong University,,否,否
辽河石油职业技术学院,Liaohe Petroleum Career Technical College,,否,否
辽宁财贸学院,Liaoning Finance and Trade College,,否,是
辽宁城市建设职业技术学院,Liaoning Urban Construction Technical College,,否,否
辽宁传媒学院,Liaoning Communication University,,否,是
辽宁地质工程职业学院,Liaoning Geology Engineering Vocational College,,否,否
辽宁对外经贸学院,Liaoning University of International Business and Economics,,否,是
辽宁工程职业学院,Liaoning Engineering Vocational College,,否,否
辽宁广告职业学院,Liaoning Advertising Vocational College,,否,是
辽宁轨道交通职业学院,Guidao Jiaotong Polytechnic Institute,,否,否
辽宁何氏医学院,He University,,否,是
辽宁机电职业技术学院,Liaoning Mechatronics College,,否,否
辽宁建筑职业学院,Liaoning Jianzhu Vocational College,,否,否
辽宁金融职业学院,Liaoning Finance Vocational College,,否,否
辽宁经济职业技术学院,Liaoning Economy Vocational And Technical College,,否,否
辽宁科技学院,Liaoning Institute of Science and Technology,,否,否
辽宁理工学院,Liaoning Institute of Science and Engineering,,否,是
辽宁理工职业大学,Liaoning Vocational University of Technology,,否,是
辽宁民族师范高等专科学校,Liaoning National Normal College,,否,否
辽宁农业职业技术学院,Liaoning Agricultural College,,否,否
辽宁轻工职业学院,Liaoning Vocational College Of Light Industry,,否,否
辽宁商贸职业学院,Liaoning Vocational College Of Business,,否,否
辽宁生态工程职业学院,Liaoning Vocational College Of Ecological Engineering,,否,否
辽宁省交通高等专科学校,Liaoning Provincial College Of Communications,,否,否
辽宁师范大学海华学院,"Haihua College, Liaoning Normal University",,是,否
辽宁师范高等专科学校,Liaoning Normal College,,否,否
辽宁石化职业技术学院,Liaoning Petrochemical College,,否,否
辽宁税务高等专科学校,Liaoning College Of Taxation,,否,否
辽宁特殊教育师范高等专科学校,Liaoning Special Education Teachers College,,否,否
辽宁体育运动职业技术学院,Liaoning Vocational And Technical College Of Sports,,否,否
辽宁铁道职业技术学院,Liaoning Railway Vocational And Technical College,,否,否
辽宁现代服务职业技术学院,Liaoning Vocational And Technical College Of Modern Service,,否,否
辽宁冶金职业技术学院,Liaoning Metallurgical Vocational Technical College,,否,否
辽宁医药职业学院,Liaoning Vocational College Of Medicine,,否,否
辽宁政法职业学院,Liaoning Administraters College Of Police And Justice,,否,否
辽宁职业学院,Liaoning Vocational College,,否,否
辽宁中医药大学杏林学院,Liaoning University of Traditional Chinese Medicine Xinglin College,,是,否
辽宁装备制造职业技术学院,Liaoning Equipment Manufacturing Vocational And Technical College,,否,否
辽阳职业技术学院,Liaoyang Vocational College Of Technology,,否,否
辽源职业技术学院,Liao Yuan Vocational Technical College,,否,否
聊城大学东昌学院,Liaocheng University Dongchang College,,是,否
聊城科技职业学院,Liaocheng Vocational College of Science and Technology,,否,否
聊城职业技术学院,Liaocheng Vocational And Technical College,,否,否
林州建筑职业技术学院,Linzhou College Of Architectural Technology,,否,是
临沧职业学院,Lincang Vocational College,,否,否
临汾职业技术学院,Linfen Vocational And Technical College,,否,否
临夏现代职业学院,Linxia Modern Vocational College,,否,否
临沂城市职业学院,Linyi City Vocational College,,否,是
临沂科技职业学院,Linyi Vocational University Of Science And Technology,,否,否
临沂职业学院,Linyi Vocational College,,否,否
柳州城市职业学院,Liuzhou City Vocational College,,否,否
柳州工学院,Liuzhou Institute of Technology,,否,是
柳州铁道职业技术学院,Liuzhou Railway Vocationa Technica College,,否,否
柳州职业技术大学,Liuzhou Polytechnic University,,否,否
六安应用科技职业学院,Lu'An College of Applied Science and Technology,,否,否
六安职业技术学院,Lu'an Vocational Technical College,,否,否
六盘水师范学院,Liupanshui Normal University,,否,否
六盘水幼儿师范高等专科学校,Liupanshui Preschool Educatlon College,,否,否
六盘水职业技术学院,Liupanshui Vocational And Technical College,,否,否
陇东学院,Longdong University,,否,否
陇南师范学院,Longnan Normal University,,否,否
娄底幼儿师范高等专科学校,Loudi Preschool Education College,,否,否
娄底职业技术学院,Loudi Vocational And Technical College,,否,否
泸州医疗器械职业学院,Luzhou College Of Medical Devices,,否,是
泸州职业技术学院,Luzhou Vocational And Technical College,,否,否
鲁迅美术学院,Luxun Academy of Fine Arts,,否,否
陆军军事交通学院,Army Military Transportation University,,否,否
潞安职业技术学院,Lu'an Vocational And Technical College,,否,否
吕梁师范高等专科学校,Lyuliang Teachers College,,否,否
吕梁学院,Lyuliang University,,否,否
吕梁职业技术学院,Lvliang Vocational And Technical College,,否,否
罗定职业技术学院,Luoding Polytechnic,,否,否
洛阳科技职业学院,Luoyang Vocational College Of Science And Technology,,否,是
洛阳商业职业学院,Luoyang Vocational College of Commerce,,否,是
洛阳文化旅游职业学院,Luoyang Vocational College Of Culture And Tourism,,否,否
洛阳职业技术学院,Luoyang Polytechnic,,否,否
漯河食品工程职业大学,Luohe Food Engineering Vocational University,,否,是
漯河医学高等专科学校,Luohe Medical College,,否,否
漯河职业技术学院,Luohe Vocational Technology College,,否,否
马鞍山师范高等专科学校,Maanshan Teacher'S College,,否,否
马鞍山学院,Ma'anshan University,,否,是
马鞍山职业技术学院,Maanshan Technical College,,否,否
满洲里俄语职业学院,Manzhouli International Vocational Institute,,否,否
茅台学院,Moutai Institute,,否,是
茂名职业技术学院,Maoming Polytechnic,,否,否
眉山药科职业学院,Meishan Pharmaceutical College,,否,是
眉山职业技术学院,Meishan Vocational And Technical College,,否,否
梅河口康美职业技术学院,Meihekou Kangmei Vocational And Technical College,,否,是
湄洲湾职业技术学院,Meizhouwan Vocational Technology College,,否,否
绵阳城市学院,Mianyang City College,,否,是
绵阳飞行职业学院,Vocational Flight College Of Mianyang,,否,是
绵阳职业技术学院,Mianyang Polytechnic,,否,否
民办安徽旅游职业学院,Tourism College Of Anhui,,否,是
民办合肥滨湖职业技术学院,Hefei Binhu Vocational & Technical College,,否,是
民办合肥财经职业学院,Hefei College Of Finance & Economics,,否,是
民办合肥经济技术职业学院,Hefei Professional College Of Economics And Technology,,否,是
民办四川天一学院,Sichuan Tianyi College,,否,是
民办万博科技职业学院,Wanbo Institute Of Science & Technology,,否,是
民政职业大学,China Civil Affairs University,,否,否
闽北职业技术学院,MinBei Vocational and Technical College,,否,否
闽江师范高等专科学校,Minjiang Teachers College,,否,否
闽南科技学院,MINNAN SCIENCE AND TECHNOLOGY COLLEGE,,否,是
闽南理工学院,Minnan University of Science and Technology,,否,是
闽西职业技术学院,Minxi Vocational & Technical College,,否,否
明达职业技术学院,Minda Polytechnic Institute,,否,是
牡丹江大学,Mudanjiang University,,否,否
牡丹江师范学院,Mudanjiang Normal University,,否,否
南昌大学共青学院,Gongqing College of Nanchang University,,是,否
南昌大学科学技术学院,Nanchang University College of Science and Technology,,是,否
南昌工学院,Nanchang Institute of Science & Technology,,否,是
南昌航空大学科技学院,Science and Technology College of NCHU,,是,否
南昌健康职业技术学院,Nanchang Academy Of Health Sciences,,否,否
南昌交通学院,Nanchang Jiaotong Institute,,否,是
南昌科技职业大学,Nanchang Polytechnic University,,否,是
南昌理工学院,Nanchang Institute of Technology,,否,是
南昌师范学院,Nanchang Normal University,,否,否
南昌医学院,Nanchang Medical College,,否,否
南昌应用技术师范学院,Nanchang Normal College of Applied Technology,,否,是
南昌影视传播职业学院,Nanchang Vocational Instttute Of Film And Televsion Covmunication,,否,是
南昌职业大学,Nanchang Vocational University,,否,是
南充电影工业职业学院,Nanchong Film Industry Vocational Academy,,否,是
南充科技职业学院,Nanchong Vocational College Of Science And Technology,,否,是
南充文化旅游职业学院,Nanchong Vocational College Of Culture And Tourism,,否,否
南充职业技术学院,Nanchong Vocational And Technical College,,否,否
南华大学船山学院,Chuanshan College University of South China,,是,否
南京财经大学红山学院,Nanjing University of Finance & Economics Hongshan College,,是,否
南京城市职业学院,Nanjing City Vocational College,,否,否
南京传媒学院,Communication University of China Nanjing,,否,是
南京大学金陵学院,Nanjing University Jinling College,,是,否
南京工业大学浦江学院,Nanjing Tech University Pujiang Institute,,是,否
南京工业职业技术大学,Nanjing University of Industry Technology,,否,否
南京航空航天大学金城学院,Nanhang Jincheng College,,是,否
南京机电职业技术学院,Nanjing Vocational Institute Of Mechatronic Technology,,否,否
南京交通职业技术学院,Nanjing Communications Institute Of Technology,,否,否
南京科技职业学院,Nanjing Polytechnic Institute,,否,否
南京理工大学泰州科技学院,"Taizhou Institute of Sci.&Tech., NJUST.",,是,否
南京理工大学紫金学院,Nanjing University of Science and Technology ZiJin College,,是,否
南京旅游职业学院,Nanjing Institute Of Tourism & Hospitality,,否,否
南京审计大学金审学院,Nanjing Audit University Jinshen College,,是,否
南京师范大学泰州学院,Nanjing Normal University Taizhou College,,是,否
南京师范大学中北学院,Nanjing Normal University Zhongbei College,,是,否
南京视觉艺术职业学院,Nanjing Institute Of Visual Arts,,否,是
南京特殊教育师范学院,Nanjing Normal University of Special Education,,否,否
南京铁道职业技术学院,Nanjing Vocational Institute Of Railway Technology,,否,否
南京信息职业技术学院,Nanjing Vocational College Of Information Technology,,否,否
南京医科大学康达学院,Kangda College of Nanjing Medical University,,是,否
南京艺术学院,Nanjing University of the Arts,,否,否
南京邮电大学通达学院,Tongda College of Nanjing University of Posts & Telecommunications,,是,否
南京中医药大学翰林学院,Nanjing University of Chinese Medicine Hanlin College,,是,否
南开大学滨海学院,Nankai University Binhai College,,是,否
南宁理工学院,Nanning College of Technology,,否,是
南宁师范大学师园学院,Shiyuan College of Nanning Normal University,,是,否
南宁学院,Nanning University,,否,是
南宁职业技术大学,NANNING VOCATIONAL AND TECHNICAL UNIVERSITY,,否,否
南通大学杏林学院,Nantong University Xinglin College,,是,否
南通科技职业学院,Nantong College Of Science And Technology,,否,否
南通理工学院,Nantong Institute of Technology,,否,是
南通师范高等专科学校,Nantong Normal College,,否,否
南通卫生健康职业学院,Nantong Health Vocational College,,否,否
南通职业大学,Nantong Vocational University,,否,否
南阳工艺美术职业学院,Nanyang Arts and Crafts Vocational College,,否,否
南阳科技职业学院,Nanyang Vocational College Of Science And Technology,,否,否
南阳理工学院,Nanyang Institute Of Technology,,否,否
南阳农业职业学院,Nanyang Vocational College Of Agriculture,,否,否
南阳师范学院,Nanyang Normal University,,否,否
南阳医学高等专科学校,Nanyang Medical College,,否,否
南阳职业学院,Nanyang Vocational College,,否,是
内江师范学院,Neijiang Normal University,,否,否
内江卫生与健康职业学院,Neijiang Health Vocational College,,否,否
内江职业技术学院,Neijiang Vocational&Technical College,,否,否
内蒙古北方职业技术学院,Inner Mongolia Northern Occupation Technique College,,否,是
内蒙古大学创业学院,"Pioneer College, Inner Mongolia University",,是,否
内蒙古电子信息职业技术学院,Inner Mongolia Electronic Information Vocational Technical College,,否,否
内蒙古丰州职业学院,Inner Mongolia Fengzhou Vocational College,,否,是
内蒙古工业职业学院,Inner Mongolia Industrial College,,否,是
内蒙古鸿德文理学院,Inner Mongolia Honder College of Arts and Sciences,,否,是
内蒙古化工职业学院,Inner Mongolia Vocational College Of Chemical Engineering,,否,否
内蒙古机电职业技术学院,Inner Mongolia Technical College Of Mechanics & Electrics,,否,否
内蒙古建筑职业技术大学,Inner Mongolia Technical University of Construction,,否,否
内蒙古交通职业技术学院,Inner Mongolia Jiaotong Vocational And Technical College Of Communication,,否,否
内蒙古经贸外语职业学院,"Inner Mongolia Vocational Institute Of Economy, Trade & Foreign Languages",,否,是
内蒙古警察学院,Inner Mongolia Police College,,否,否
内蒙古科技大学包头师范学院,Baotou Teachers' College,,否,否
内蒙古科技职业学院,Inner Mongolia Technical And Vocational College,,否,是
内蒙古美术职业学院,Inner Mongolia Art Vocational College,,否,是
内蒙古民族幼儿师范高等专科学校,Inner Mongolia Preschool Normal College,,否,否
内蒙古能源职业学院,Inner Mongolia Energy Vocational College,,否,是
内蒙古商贸职业学院,Inner Mongolia Business Vocational College,,否,否
内蒙古体育职业学院,Inner Mongolia Vocational College Of Physical Education,,否,否
内蒙古艺术学院,Inner Mongolia Arts University,,否,否
宁波财经学院,Ningbo University of Finance & Economics,,否,是
宁波城市职业技术学院,Ningbo City College Of Vocational Technology,,否,否
宁波大学科学技术学院,College of Science & Technology Ningbo University,,是,否
宁波东方理工大学,"Eastern Institute of Technology, Ningbo",,否,是
宁波卫生职业技术学院,Ningbo College Of Health Sciences,,否,否
宁波幼儿师范高等专科学校,Ningbo Childhood Education College,,否,否
宁波职业技术大学,Ningbo Polytechnic University,,否,否
宁德师范学院,Ningde Normal University,,否,否
宁德职业技术学院,Ningde Vocational And Technical College,,否,否
宁夏财经职业技术学院,Ningxia College Of Finance And Economics,,否,否
宁夏大学新华学院,Xinhua College of Ningxia University,,是,否
宁夏工商职业技术大学,Ningxia Polytechnic University of Business and Technology,,否,否
宁夏工业职业学院,Ningxia Institute Of Industry Technology,,否,否
宁夏建设职业技术学院,Ningxia College Of Construction,,否,否
宁夏交通职业技术学院,Ningxia Communications Technical College,,否,否
宁夏警官职业学院,Ningxia Police Vocational College,,否,否
宁夏理工学院,Ningxia Institute of Science and Technology,,否,是
宁夏民族职业技术学院,Ningxia Vocational And Technical College For Minorities,,否,否
宁夏葡萄酒与防沙治沙职业技术学院,Ningxia Technical College Of Wine And Desertification Prevention,,否,否
宁夏师范大学,Ningxia Normal University,,否,否
宁夏体育职业学院,Ningxia Vocational College Of Physical Education,,否,否
宁夏卫生健康职业技术学院,Ningxia Health Vocational and Technical College,,否,否
宁夏艺术职业学院,Ningxia Art Vocational College,,否,否
宁夏幼儿师范高等专科学校,Ningxia Preschool Education College,,否,否
宁夏职业技术大学,Ningxia Vocational and Technical University,,否,否
怒江职业技术学院,NuJiang Vocational and Technical College,,否,否
攀枝花攀西职业学院,Panzhihua Panxi Vocational College,,否,是
盘锦职业技术学院,Panjin Vocational And Technical College,,否,否
培黎职业学院,Peili Vocational College,,否,否
平顶山工业职业技术学院,Pingdingshan Polytenchnic College,,否,否
平顶山科技职业学院,Pingdingshan Vocational College of Science and Technology,,否,是
平顶山文化艺术职业学院,Pingdingshan Vocational College of Culture&Arts,,否,是
平顶山学院,Pingdingshan University,,否,否
平顶山职业技术学院,Pingdingshan Vocational And Technical College,,否,否
平凉职业技术学院,Pingliang Vocational &Technical College,,否,否
萍乡卫生职业学院,Pingxiang Health Vocational College,,否,否
萍乡学院,Pingxiang University,,否,否
濮阳科技职业学院,Puyang Vocational College of Science and Technology,,否,否
濮阳石油化工职业技术学院,Puyang Petrochemical Vocational And Technical College,,否,否
濮阳医学高等专科学校,Puyang Medicai College,,否,否
濮阳职业技术学院,Puyang Vocational And Technical College,,否,否
普洱学院,Pu'er University,,否,否
七台河职业学院,Qitaihe Vocational College,,否,否
齐鲁理工学院,Qilu Institute of Technology,,否,是
齐鲁师范学院,Qilu Normal University,,否,否
齐鲁医药学院,Qilu Medical University,,否,是
齐齐哈尔高等师范专科学校,Qiqihar Teachers College,,否,否
齐齐哈尔工程学院,Qiqihar Institute of Technology,,否,是
齐齐哈尔理工职业学院,Qiqihar Polytechnic College,,否,是
齐齐哈尔立德健康职业学院,Qiqihar Lide Health Vocational College,,否,是
黔东南理工职业学院,Qiandongnan Polytechnic College,,否,否
黔东南民族职业技术学院,Qiandongnan National Polytechnic,,否,否
黔南民族医学高等专科学校,Qiannan Medical College For Nationalities,,否,否
黔南民族幼儿师范高等专科学校,Qiannan Preschool Education College For Nationalities,,否,否
黔南民族职业技术学院,Qiannan Polytechnic For Nationality,,否,否
黔西南民族职业技术学院,Southwest Guizhou Vocational And Technical College,,否,否
钦州幼儿师范高等专科学校,Qinzhou Kindergarten Teachers College,,否,否
秦皇岛工业职业技术学院,Qinhuangdao Polytechnic insitute,,否,否
秦皇岛职业技术学院,Qinhuangdao Vocational And Technical College,,否,否
青岛滨海学院,Qingdao Binhai University,,否,是
青岛城市学院,Qingdao City University,,否,是
青岛电影学院,Qingdao Film Academy,,否,是
青岛飞洋职业技术学院,Qingdao Feiyang Vocational&Tehnical College,,否,是
青岛港湾职业技术学院,Qingdao Harbour Vocational & Technical College,,否,否
青岛工程职业学院,Qingdao Engineering Vocational College,,否,否
青岛工学院,Qingdao Institute of Technology,,否,是
青岛航空科技职业学院,Qingdao Vocational College Of Aeronautical Science And Technology,,否,是
青岛恒星科技学院,Hengxing University,,否,是
青岛黄海学院,Qingdao Huanghai University,,否,是
青岛酒店管理职业技术学院,Qingdao Vocational And Technical College Of Hotel Management,,否,否
青岛农业大学海都学院,Haidu College Qingdao Agricultural University,,是,否
青岛求实职业技术学院,Qingdao Qiushi College,,否,是
青岛幼儿师范高等专科学校,Qingdao Preschool Education College,,否,否
青岛远洋船员职业学院,Qingdao Ocean Shipping Mariners College,,否,否
青岛职业技术学院,Qingdao Technical College,,否,否
青海柴达木职业技术学院,Qinghai Qaidam Vocational ＆Technical College,,否,否
青海大学昆仑学院,Kunlun College of Qinghai University,,是,否
青海高等职业技术学院,Qinghai Higher Vocational And Technical Institute,,否,否
青海建筑职业技术学院,Qinghai College Of Architectural Technology,,否,否
青海警官职业学院,Qinghai Vocational College Of Police Officers,,否,否
青海理工学院,Qinghai Institute of Technology,,否,否
青海农牧科技职业学院,Qinghai Agri-Animal Husbandry Vocational College,,否,否
青海卫生职业技术学院,Qinghai Institute Of Health Sciences,,否,否
青海职业技术大学,Qinghai Polytechnic University,,否,否
清远职业技术学院,Qingyuan Polytechnic,,否,否
庆阳职业技术学院,Qingyang Vocational And Technical College,,否,否
琼台师范学院,Qiongtai Normal University,,否,否
曲阜远东职业技术学院,Qufu Fareast Vocational And Technical College,,否,是
曲靖健康医学院,Qujing University of Medcine & Health Sciences,,否,否
曲靖师范学院,Qujing Normal University,,否,否
曲靖职业技术学院,Qujing Vocational And Technical College,,否,否
衢州职业技术学院,Quzhou College Of Technology,,否,否
泉州纺织服装职业学院,Quanzhou Textile Garment Vocational Institute,,否,是
泉州工程职业技术学院,Quanzhou Engineering Vocational And Technical College,,否,是
泉州工艺美术职业学院,Quanzhou Arts And Crafts Vocational College,,否,否
泉州海洋职业学院,Quanzhou Ocean Institute,,否,是
泉州华光职业学院,Quanzhou Huaguang Vocational College,,否,是
泉州经贸职业技术学院,Quanzhou Vocational College Of Economics And Business,,否,否
泉州轻工职业学院,Quanzhou College Of Technology,,否,是
泉州信息工程学院,Quanzhou University of Information Engineering,,否,是
泉州医学高等专科学校,Quanzhou Medical College,,否,否
泉州幼儿师范高等专科学校,Quanzhou Preschool Education College,,否,否
泉州职业技术大学,Quanzhou Vocational and Technical University,,否,是
日喀则职业技术学院,Rikaze Vocational Technical College,,否,否
日照航海工程职业学院,Rizhao Marine Engineering Vocational College,,否,是
日照康养职业学院,Rizhao Vocational College of Wellness,,否,是
日照科技职业学院,Rizhao Vocational College of Science and Technology,,否,是
日照职业技术大学,Rizhao Polytechnic University,,否,否
汝州职业技术学院,Ruzhou Vocational And Technical College,,否,否
三江学院,Sanjiang University,,否,是
三门峡社会管理职业学院,Sanmenxia Vocational College Of Social Management,,否,否
三门峡职业技术学院,Sanmenxia Polytechnic,,否,否
三明医学科技职业学院,Sanming Medical And Polytechnic Vocational College,,否,否
三峡大学科技学院,College of Science and Technology of China Three Gorges University,,是,否
三峡电力职业学院,Three Gorges Vocational College Of Electric Power,,否,否
三峡旅游职业技术学院,Three Gorges Tourism Polytechnic College,,否,否
三亚城市职业学院,Sanya City College,,否,是
三亚航空旅游职业学院,Sanya Aviation And Tourism College,,否,是
三亚护理职业学院,Sanya International College of Nursing,,否,是
三亚理工职业学院,Sanya Institute Of Technology,,否,是
三亚学院,University of Sanya,,否,是
三亚中瑞酒店管理职业学院,Hospitality Institute Of Sanya,,否,是
沙洲职业工学院,Shazhou Professional Institute Of Technology,,否,否
厦门安防科技职业学院,Xiamen Security Science And Technology College,,否,是
厦门城市职业学院,Xiamen City University,,否,否
厦门大学嘉庚学院,Xiamen University Tan Kah Kee College,,是,否
厦门东海职业技术学院,Xiamen Donghai Institute,,否,是
厦门工学院,Xiamen Institute of Technology,,否,是
厦门海洋职业技术学院,Xiamen Ocean Vocational College,,否,否
厦门华厦学院,Xiamen Huaxia University,,否,是
厦门华天涉外职业技术学院,Xiamen Huatian International Vocation Institute,,否,是
厦门南洋职业学院,Xiamen Nanyang University,,否,是
厦门软件职业技术学院,Xiamen Institute Of Software Technology,,否,是
厦门兴才职业技术学院,Xiamen Xingcai Vocational&Technical College,,否,是
厦门演艺职业学院,The Xiamen Academy For Performing Arts,,否,是
山东财经大学东方学院,"Dongfang College, ShanDong University of Finance and Economics",,是,否
山东财经大学燕山学院,Yanshan college Shandong University of Finance and Economics,,是,否
山东城市服务职业学院,Shandong City Service Institute,,否,否
山东城市建设职业学院,Shandong Urban Construction Vocational College,,否,否
山东畜牧兽医职业学院,Shandong Vocational Animal Science And Veterinary College,,否,否
山东传媒职业学院,Shandong Communication & Media College,,否,否
山东电力高等专科学校,Shandong Electric Power College,,否,否
山东电子职业技术学院,Shandong College Of Electronic Technology,,否,否
山东服装职业学院,Shandong Vocational Institute Of Clothing Technology,,否,否
山东工程职业技术大学,Shandong University of Engineering and Vocational Technology,,否,是
山东工业职业学院,Shandong Vocational College Of Industry,,否,否
山东工艺美术学院,Shandong University of Art & Design,,否,否
山东管理学院,Shandong Management University,,否,否
山东海事职业学院,Shandong Maritime Vocation College,,否,是
山东华宇工学院,Shandong Huayu University of Technology,,否,是
山东化工职业学院,Shandong Chemical Engineering & Vocational College,,否,否
山东交通职业学院,Shandong Transport Vocational College,,否,否
山东经贸职业学院,Shandong College Of Economics And Business,,否,否
山东警察学院,Shandong Police College,,否,否
山东科技职业大学,Shandong Vocational College of Science And Technology,,否,否
山东劳动职业技术学院,Shandong Labor Vocational And Techncal College,,否,否
山东理工职业学院,Shandong Polytechnic College,,否,否
山东力明科技职业学院,Shandong Liming Polytechnic Vocational College,,否,是
山东旅游职业学院,Shandong College Of Tourism And Hospitality,,否,否
山东铝业职业学院,Shandong Aluminum Vocational College,,否,否
山东农业工程学院,Shandong Agriculture and Engineering University,,否,否
山东女子学院,Shandong Women's University,,否,否
山东青年政治学院,Shandong Youth University of Political Science,,否,否
山东轻工职业学院,Shandong Vocational College Of Light Industry,,否,否
山东商务职业学院,Shandong Business Institute,,否,否
山东商业职业技术大学,Shandong University of Commerce and Technology,,否,否
山东圣翰财贸职业学院,Shandong Shenghan Finance And Trade Vocational College,,否,是
山东胜利职业学院,Shandong Shengli Vocational College,,否,否
山东石油化工学院,SHANDONG INSTITUTE OF PETROLEUM AND CHEMICAL TECHNOLOGY,,否,否
山东水利职业学院,Shandong Water Conservancy Vocational College,,否,否
山东司法警官职业学院,Shandong Judicial Police Vocational College,,否,否
山东特殊教育职业学院,Shandong Vocational College Of Special Education,,否,否
山东外国语职业技术大学,Shandong Vocational and Technical University of International Studies,,否,是
山东外贸职业学院,Shandong Foreign Trade Vocational College,,否,否
山东外事职业大学,Shandong Vocational University of Foreign Affairs,,否,是
山东文化产业职业学院,Shandong Cultural Industry Vocational College,,否,是
山东文化艺术职业学院,Shandong Vocational College of Culture and Arts,,否,否
山东现代学院,Shandong Xiandai University,,否,是
山东协和学院,Shandong Xiehe University,,否,是
山东信息职业技术学院,Shandong Vocational College Of Information Technology,,否,否
山东药品食品职业学院,Shandong Drug And Food Vocational College,,否,否
山东医学高等专科学校,Shandong Medical College,,否,否
山东艺术设计职业学院,Shandong Vocational College Of Art And Design,,否,是
山东艺术学院,Shandong University of Arts,,否,否
山东英才学院,Shandong Yingcai University,,否,是
山东职业学院,Shandong Polytechnic,,否,否
山东中医药高等专科学校,Shandong College Of Traditional Chinese Medicine,,否,否
山西财经大学华商学院,Shanxi University of Finance and Economics Huashang College,,是,否
山西财贸职业技术学院,Shanxi Vocational & Technical College Of Finance & Trade,,否,否
山西传媒学院,Communication University of Shanxi,,否,否
山西大同大学,Shanxi Datong University,,否,否
山西电力职业技术学院,Shanxi Electric Power Technical College,,否,否
山西电子科技学院,Shanxi University of Electronic Science and Technology,,否,否
山西工程技术学院,Shanxi Institute of Technology,,否,否
山西工程科技职业大学,Shanxi Vocational University of Engineering Science and Technology,,否,否
山西工程职业学院,Shanxi Engineering Vocational College,,否,否
山西工商学院,Shanxi Technology and Business University,,否,是
山西工学院,Shanxi College of Technology,,否,否
山西管理职业学院,Shanxi Management Vocational College,,否,否
山西国际商务职业学院,Shanxi International Business Vocational College,,否,否
山西华澳商贸职业学院,China Australia Business College Of Shanxi,,否,是
山西机电职业技术学院,Shanxi Institute Of Mechanical And Electrical Engineering,,否,否
山西金融职业学院,Shanxi Professional College Of Finance,,否,否
山西晋中理工学院,Shanxi Jinzhong Institute of Technology,,否,是
山西经贸职业学院,Shanxi Institute Of Economics And Business,,否,否
山西警察学院,Shanxi Police College,,否,否
山西警官职业学院,Shanxi Jing Guan Zhi Ye Xue Yuan,,否,否
山西科技学院,Shanxi Institute of Science and Technology,,否,否
山西老区职业技术学院,Shanxi Laoqu Zhiye Jishu Xueyuan,,否,是
山西林业职业技术学院,Shanxi Forestry Vocational Technical College,,否,否
山西旅游职业学院,,,否,否
山西能源学院,Shanxi Institute of Energy,,否,否
山西青年职业学院,,,否,否
山西省财政税务专科学校,Shanxi Finance & Taxation College,,否,否
山西水利职业技术学院,Shanxi Conservancy Technical Institute,,否,否
山西体育职业学院,Shanxi Sports Vocational School,,否,否
山西铁道职业技术学院,Shanxi Railway Vocational And Technical College,,否,否
山西通用航空职业技术学院,Shanxi General Aviation Polytechnic,,否,否
山西同文职业技术学院,Shanxi Tongwen Vocational And Technical College,,否,是
山西卫生健康职业学院,Shanxi Health Vocational College,,否,否
山西文化旅游职业大学,Shanxi Vocational University of Culture and Tourism,,否,否
山西信息职业技术学院,Shanxi Vocational College Of Information Technology,,否,是
山西药科职业学院,Shanxi Pharmaceutical Vocational College,,否,否
山西医药学院,Shanxi University of Medicine,,否,否
山西艺术职业学院,,,否,否
山西应用科技学院,Shanxi College of Applied Science and Technology,,否,是
山西运城农业职业技术学院,Shanxi Yuncheng Vocational And Technology College Of Agricultural,,否,否
山西职业技术学院,Shanxi Polytechnic College,,否,否
陕西财经职业技术学院,Shaanxi Technical College of Finance & Economics,,否,否
陕西电子信息职业技术学院,Shaanxi Electronic Information Institute,,否,是
陕西服装工程学院,Shaanxi Fashion Engineering University,,否,是
陕西工商职业学院,Shaanxi Business College,,否,否
陕西工业职业技术大学,Shaanxi Polytechnic University,,否,否
陕西国防工业职业技术学院,Shaanxi Institute Of Technology,,否,否
陕西国际商贸学院,Shaanxi University of International Trade & Commerce,,否,是
陕西航空职业技术学院,Shaanxi Institute Of Technology Of Profession Of Aviation,,否,否
陕西机电职业技术学院,Shaanxi Institute Of Mechatronic Technology,,否,否
陕西交通职业技术学院,Shaanxi College of Communications Technology,,否,否
陕西经济管理职业技术学院,Shanxi Vocational Technology College Of Economic Management,,否,否
陕西警察学院,Shaanxi Police College,,否,否
陕西科技大学镐京学院,Haojing College of Shaanxi University of Science & Technology,,是,否
陕西旅游烹饪职业学院,Shaanxi Tourism Cuisine Professional College,,否,是
陕西能源职业技术学院,Shaanxi Energy Institute,,否,否
陕西农林职业技术大学,Shaanxi Vocational and Technical University of A&F,,否,否
陕西青年职业学院,Shaanxi Youth Vocational College,,否,否
陕西铁路工程职业技术学院,Shaanxi Railway Institute,,否,否
陕西学前师范学院,Shaanxi Xueqian Normal University,,否,否
陕西艺术职业学院,Shaanxi Vocational Academy of Art,,否,否
陕西邮电职业技术学院,Shaanxi Post Vocational And Technical College,,否,否
陕西职业技术学院,Shaanxi Vocational And Technical College,,否,否
汕头职业技术学院,Shantou Polytechnic,,否,否
汕尾职业技术学院,Shanwei Polytechnic,,否,否
商洛学院,Shangluo University,,否,否
商洛职业技术学院,Shangluo Vocational And Technical College,,否,否
商丘工学院,Shangqiu University of Technology,,否,是
商丘师范学院,Shangqiu Normal University,,否,否
商丘学院,Shangqiu University,,否,是
商丘医学高等专科学校,Shangqiu Medical College,,否,否
商丘幼儿师范高等专科学校,Shangqiu Preschool Education College,,否,否
商丘职业技术学院,Shangqiu Polytechnic,,否,否
上海邦德职业技术学院,Shanghai Bangde College,,否,是
上海财经大学浙江学院,Shanghai University of Finance and Economics Zhejiang College,,是,否
上海城建职业学院,Shanghai Urban Construction Vocational College,,否,否
上海出版印刷高等专科学校,Shanghai Publishing And Printing College,,否,否
上海电影艺术职业学院,Shanghai Film Art Academy,,否,是
上海电子信息职业技术学院,Shanghai Technical Institute Of Electronics Information,,否,否
上海东海职业技术学院,Shanghai Donghai Vocational And Technical College,,否,是
上海工会管理职业学院,Shanghai Vocational College Of Trade Union,,否,否
上海工商外国语职业学院,Shanghai Institute Of Commerce & Foreign Languages,,否,是
上海工商职业技术学院,Shanghai Industrial And Commercial Polytechnic,,否,是
上海工艺美术职业学院,Shanghai Art & Design Academy,,否,否
上海公安学院,Shanghai Police College,,否,否
上海海事职业技术学院,Shanghai Maritime Academy,,否,否
上海济光职业技术学院,Shanghai Jiguang Polytechnic College,,否,是
上海建桥学院,Shanghai Jian Qiao University,,否,是
上海建设管理职业技术学院,Shanghai Construction Management Vocational College,,否,否
上海交通职业技术学院,Shanghai Communications Polytechnic,,否,否
上海科创职业技术学院,Shanghai Technology and Innovation Vocational College,,否,否
上海科学技术职业学院,Shanghai Vocational College Of Science And Technology,,否,否
上海立达学院,Shanghai lida University,,否,是
上海旅游高等专科学校,Shanghai Institute Of Tourism,,否,否
上海民航职业技术学院,Shanghai Civil Aviation College,,否,否
上海民远职业技术学院,Shanghai Minyuan Vocational College,,否,是
上海闵行职业技术学院,Shanghai Minhang Polytechnic,,否,否
上海南湖职业技术学院,Shanghai Nanhu Vocational And Technical College,,否,否
上海农林职业技术学院,Shanghai Vocational College Of Agriculture And Forestry,,否,否
上海欧华职业技术学院,Shanghai Ouhua College,,否,是
上海浦东职业技术学院,Shanghai Pudong Vocational&Technical College,,否,否
上海杉达学院,Sanda University,,否,是
上海师范大学天华学院,Shanghai Normal University TIANHUA College,,是,否
上海视觉艺术学院,Shanghai Institute of Visual Arts,,否,是
上海思博职业技术学院,Shanghai SiPo Polytechnic,,否,是
上海外国语大学贤达经济人文学院,Xianda College of Economics & Humanities Shanghai International Studies University,,是,否
上海戏剧学院,Shanghai Theatre Academy,,否,否
上海现代化工职业学院,Shanghai Modern Chemical Industry Vocational College,,否,否
上海行健职业学院,Shanghai Xingjian College,,否,否
上海兴伟学院,Xing Wei College,,否,是
上海音乐学院,Shanghai Conservatory of Music,,否,否
上海震旦职业学院,Shanghai Aurora College,,否,是
上海中华职业技术学院,Shanghai Zhonghua College,,否,是
上海中侨职业技术大学,Shanghai Zhongqiao Vocational And Technical University,,否,是
上饶师范学院,Shangrao Normal University,,否,否
上饶卫生健康职业学院,Shangrao Health Vocational College,,否,否
上饶幼儿师范高等专科学校,Shangrao Preschool Education College,,否,否
上饶职业技术学院,Shangrao Vocational Technical College,,否,否
韶关学院,Shaoguan University,,否,否
邵阳工业职业技术学院,Shaoyang Industry Polytechnic College,,否,否
邵阳通航职业技术学院,Shaoyang General Aviation Polytechnic,,否,是
邵阳学院,Shaoyang University,,否,否
邵阳职业技术学院,Shaoyang Polytechnic,,否,否
绍兴理工学院,Shaoxing Institute of Technology,,否,否
绍兴职业技术学院,Shaoxing Vocational & Technical College,,否,是
深圳城市职业学院,Shenzhen City Polytechnic,,否,否
深圳理工大学,Shenzhen University of Advanced Technology,,否,否
深圳信息职业技术大学,Shenzhen University of Information Technology,,否,否
深圳职业技术大学,Shenzhen Polytechnic University,,否,否
神木职业技术学院,Shenmu Vocational & Technical College,,否,否
沈阳北软信息职业技术学院,Shenyang Northern Software College Of Information Technology,,否,是
沈阳城市建设学院,Shenyang urban construction University,,否,是
沈阳城市学院,Shenyang City University,,否,是
沈阳工学院,Shenyang Institute of Technology,,否,是
沈阳工业大学工程学院,Engineering College of Shenyang University of Technology,,是,否
沈阳航空航天大学北方科技学院,North Science and Technology College of Shenyang Aerospace University,,是,否
沈阳航空职业技术学院,Shenyang Aviation Professional Technology Institute,,否,否
沈阳科技学院,Shenyang Institue of Science and Technology,,否,是
沈阳音乐学院,Shenyang Conservatory of Music,,否,否
沈阳职业技术学院,Shenyang Polytechnic College,,否,否
石河子工程职业技术学院,Shihezi Vocational And Technical College Of Engmeering,,否,否
石河子职业技术大学,Xinjiang Shihezi Vocational Technical College,,否,否
石家庄财经职业学院,Shijiazhuang Vocational College Of Finance & Economics,,否,是
石家庄城市经济职业学院,Shijiazhuang Vocational College Of City Economy,,否,是
石家庄工程职业学院,Shijiazhuang Engineering Vocational College,,否,是
石家庄工商职业学院,Shijiazhuang Vocational College Of Industry And Commerce,,否,是
石家庄金融职业学院,Shijiazhuang Vocational College of Finance,,否,是
石家庄经济职业学院,Shijiazhuang Vocational College Of Economics,,否,是
石家庄科技信息职业学院,Shijiazhuang Vocational College Of Technology & Information,,否,是
石家庄科技职业学院,Shijiazhuang Science And Technology Career Academy,,否,是
石家庄理工职业学院,Shijiazhuang Institute Of Technology,,否,是
石家庄农林职业学院,Shijiazhuang Vocational College of Agriculture and Forestry,,否,是
石家庄人民医学高等专科学校,Shijiazhuang People's Medical College,,否,是
石家庄铁道大学四方学院,Shijiazhuang Tiedao University Sifang College,,是,否
石家庄铁路职业技术学院,Shijiazhuang Institute Of Railway Technology,,否,否
石家庄信息工程职业学院,Shijiazhuang Information Engineering Vocational College,,否,否
石家庄学院,Shijiazhuang University,,否,否
石家庄医学高等专科学校,Shijiazhuang Medical College,,否,是
石家庄邮电职业技术学院,Shijiazhuang Post And Telecommunications Technical College,,否,否
石家庄幼儿师范高等专科学校,Shijiazhuang Preschool Teachers College,,否,否
石家庄职业技术学院,Shijiazhuang University Of Applied Technology,,否,否
石嘴山工贸职业技术学院,Shizuishan Institute Of Industry And Trade,,否,否
首都师范大学科德学院,Kede College of Capital Normal University,,是,否
首钢工学院,Shougang Institute of Technology,,否,否
双河职业技术学院,Shuanghe Vocational and Technical College,,否,否
顺德职业技术大学,Shunde Polytechnic University,,否,否
朔州师范高等专科学校,Shuozhou Normal Technical College,,否,否
朔州陶瓷职业技术学院,Shuozhou Ceramic Vocational Technical College,,否,否
朔州职业技术学院,Shuozhou Vocational Technical,,否,否
私立华联学院,Private Hualian College,,否,是
四川财经职业学院,Sichuan Vocational College of Finance and Economics,,否,否
四川城市职业学院,Urban Vocational College Of Sichuan,,否,是
四川传媒学院,Sichuan University of Media and Communications,,否,是
四川大学锦江学院,Sichuan University Jinjiang College,,是,否
四川电力职业技术学院,Sichuan Electric Vocational And Technical College,,否,否
四川电影电视学院,Sichuan Film and Television University,,否,是
四川电子机械职业技术学院,Sichuan Elictronic Machinery Vocationai And Technical College,,否,是
四川工程职业技术大学,Sichuan Polytechnic University,,否,否
四川工商学院,Sichuan Technology and Business University,,否,是
四川工商职业技术学院,Sichuan Technology & Business College,,否,否
四川工业科技学院,Sichuan Institute of Industrial Technology,,否,是
四川国际标榜职业学院,Polus International College,,否,是
四川航天职业技术学院,Sichuan Aerospace Vocational College,,否,否
四川护理职业学院,Sichuan Nursing Vocational College,,否,否
四川华新现代职业学院,Sichuan Huaxin Modern Vocational College,,否,否
四川化工职业技术学院,Sichuan Vocational College Of Chemical Technology,,否,否
四川机电职业技术学院,Sichuan Electromechanical Institute Of Vocation And Technology,,否,否
四川建筑职业技术大学,Sichuan University of Architectural Technology,,否,否
四川交通职业技术大学,Sichuan Vocational and Technical College of Communications,,否,否
四川科技职业学院,Sichuan University Of Science And Technology,,否,是
四川旅游学院,Sichuan Tourism University,,否,否
四川美术学院,Sichuan Fine Arts Institute,,否,否
四川民族学院,Sichuan Minzu College,,否,否
四川汽车职业技术学院,Sichuan Automotive Vocational And Technical College,,否,是
四川三河职业学院,Sichuan Sanhe College Of Professionals,,否,是
四川商务职业学院,Sichuan Business Vocational College,,否,否
四川水利职业技术学院,Sichuan Water Conservancy Vocational College,,否,否
四川司法警官职业学院,Sichuan Judicial And Police Officers Professional College,,否,否
四川体育职业学院,Sichuan Sports College,,否,否
四川铁道职业学院,Sichuan Railway College,,否,否
四川托普信息技术职业学院,Sichuan Top It Vocational Institute,,否,是
四川卫生康复职业学院,Sichuan Vocational College Of Health And Rehabilitation,,否,否
四川文化产业职业学院,Sichuan Vocational College Of Cultural Industries,,否,否
四川文化传媒职业学院,Sichuan Vocational College Of Culture & Communication,,否,是
四川文化艺术学院,Sichuan University of Culture and Arts,,否,是
四川文理学院,Sichuan University of Arts and Science,,否,否
四川文轩职业学院,Sichuan Winshare Vocational College,,否,是
四川西南航空职业学院,Sichuan Southwest Vocational College Of Civil Aviation,,否,是
四川希望汽车职业学院,Sichuan Hope Automobile Vocational College,,否,是
四川现代职业学院,Sichuan Modern Vocational College,,否,是
四川信息职业技术学院,Sichuan Information Technology College,,否,否
四川艺术职业学院,Sichuan Vocational College Of Art,,否,否
四川音乐学院,Sichuan Conservatory of Music,,否,否
四川应用技术职业学院,Sichuan College Of Applied Sciences,,否,是
四川邮电职业技术学院,Sichuan Post And Telecommunication College,,否,否
四川幼儿师范高等专科学校,Sichuan Preschool Educators College,,否,否
四川长江职业学院,Sichuan Changjiang Vocational College,,否,是
四川职业技术学院,Sichuan Vocational And Technical College,,否,否
四川中医药高等专科学校,Sichuan College Of Traditional Chinese Medicine,,否,否
四平现代职业学院,The Branch of Jilin Normal University,,否,否
四平职业大学,Siping Professional College,,否,否
松原职业技术学院,Songyuan Vocational Technical College,,否,否
嵩山少林武术职业学院,Songshan Shaolin Wushu College,,否,是
苏州百年职业学院,Suzhou Centennial College,,否,否
苏州城市学院,Suzhou City University,,否,否
苏州大学应用技术学院,Applied Technology College of Soochow University,,是,否
苏州高博职业学院,Suzhou Global institute,,否,是
苏州工业园区服务外包职业学院,Suzhou Industrial Park Institute Of Service Outsourcing,,否,否
苏州工业园区职业技术学院,Suzhou Industrial Park Institute Of Vocational Technology,,否,否
苏州工业职业技术学院,Suzhou Vocational Institute Of Industrial Technology,,否,否
苏州工艺美术职业技术学院,Suzhou Art&Design Technology Institute,,否,否
苏州健雄职业技术学院,Suzhou Chien-Shiung Institute Of Technology,,否,否
苏州经贸职业技术学院,Suzhou Institute Of Trade&Commerce,,否,否
苏州科技大学天平学院,Tianping College of Suzhou University of Science and Technology,,是,否
苏州旅游职业学院,Suzhou Tourism College,,否,否
苏州农业职业技术学院,Suzhou Polytechnic Institute Of Agriculture,,否,否
苏州托普信息职业技术学院,Suzhou Top Institute Of Information Technology,,否,是
苏州卫生职业技术学院,Suzhou Vocational Health College,,否,否
苏州信息职业技术学院,Suzhou College Of Information Technology,,否,否
苏州幼儿师范高等专科学校,Suzhou Early Childhood Education College,,否,否
苏州职业技术大学,Suzhou Vocational University,,否,否
宿迁学院,Suqian University,,否,否
宿迁幼儿师范高等专科学校,Suqian Preschool Teachers College,,否,否
宿迁泽达职业技术学院,Suqian Zeda Vocational&Technical College,,否,是
宿迁职业技术学院,Suqian Vocational &Tecchnical College,,否,是
宿州航空职业学院,Suzhou Vocational College Of Civil Avuation,,否,是
宿州学院,Suzhou University,,否,否
宿州职业技术学院,Suzhou Vocational Technical College,,否,否
绥化学院,Suihua University,,否,否
随州职业技术学院,Suizhou Vocational & Technical College,,否,否
遂宁工程职业学院,Suining Engineering Vocational College,,否,是
遂宁能源职业学院,Suining Vocational College of Energy,,否,是
遂宁职业学院,Suining Vocational College,,否,是
塔城职业技术学院,Tacheng Vocational And Technical College,,否,否
塔里木理工学院,Tarim Institute of Technology,,否,是
塔里木职业技术学院,Talimu Vocational And Technical College,,否,否
台州科技职业学院,Taizhou Vocational College Of Science & Technology,,否,否
台州职业技术学院,Taizhou Vocational And Technical College,,否,否
太湖创意职业技术学院,Taihu Vocational And Technical College Of Originality,,否,是
太原城市职业技术学院,Taiyuan City Vocational College,,否,否
太原工业学院,Taiyuan Institute of Technology,,否,否
太原学院,Taiyuan University,,否,否
太原幼儿师范高等专科学校,Taiyuan Preschool Teachers College,,否,否
泰山护理职业学院,Taishan Vocational College Of Nursing,,否,否
泰山科技学院,Taishan College of Science and Technology,,否,是
泰山学院,Taishan University,,否,否
泰山职业技术学院,Taishan Polytechnic,,否,否
泰州学院,Taizhou University,,否,否
泰州职业技术学院,Taizhou Polytechinc College,,否,否
唐山工业职业技术大学,Tangshan Polytechnic University,,否,否
唐山海运职业学院,Tangshan Maritime Institute,,否,是
唐山科技职业技术学院,Tangshan Vocational College Of Science & Technology,,否,否
唐山师范学院,Tangshan Normal University,,否,否
唐山学院,Tangshan University,,否,否
唐山幼儿师范高等专科学校,Tangshan Preschool Teachers College,,否,否
唐山职业技术学院,Tangshan Vocational & Technical College,,否,否
天府新区航空旅游职业学院,Tianfu New Area Aviation & Tourism College,,否,是
天府新区通用航空职业学院,Tianfu New Area General Aviation Profession Academy,,否,是
天府新区信息职业学院,Tianfu Information Vocational College,,否,是
天津滨海汽车工程职业学院,Tianjin Binhai Vocational Institute Of Automotive Engineering,,否,是
天津滨海职业学院,Tianjin Coastal Polytechnic,,否,否
天津渤海职业技术学院,Tianjin Bohai Vocational Technology College,,否,否
天津财经大学珠江学院,Tianjin University of Finance and Economics Pearl River College,,是,否
天津城市建设管理职业技术学院,Tianjin Urban Construction Management & Vocation,,否,否
天津城市职业学院,Tianjin City Vocational College,,否,否
天津传媒学院,Tianjin College of Media and Arts,,否,是
天津电子信息职业技术学院,Tianjin Electronic Information College,,否,否
天津工程职业技术学院,Tianjin Engineering Technical Institute,,否,否
天津工业职业学院,Tianjin Polytechnic College,,否,否
天津工艺美术职业学院,Tianjin Arts And Crafts Vocational College,,否,否
天津广播影视职业学院,Tianjin Broadcasting Tv And Film Institute,,否,否
天津国土资源和房屋职业学院,Tianjin Land Resources And House Vocational College,,否,否
天津海运职业学院,Tianjin Maritime College,,否,否
天津机电职业技术学院,Tianjin Vocational College Of Mechanics And Electricity,,否,否
天津交通职业学院,Tianjin Transportation Technical College,,否,否
天津警察学院,Tianjin Police Institute,,否,否
天津开发区职业技术学院,Teda Polytechnic,,否,否
天津理工大学中环信息学院,Zhonghuan information College Tianjin University of Technology,,是,否
天津美术学院,Tianjin Academy of Fine Arts,,否,否
天津轻工职业技术学院,Tianjin Light Industry Vocational Technical College,,否,否
天津仁爱学院,Tianjin Renai College,,否,是
天津商务职业学院,Tianjin College Of Commerce,,否,否
天津商业大学宝德学院,Tianjin University of Commerce Boustead College,,是,否
天津生物工程职业技术学院,Tianjin Vocational College Of Bioengineering,,否,否
天津师范大学津沽学院,Tianjin Normal University Jingu College,,是,否
天津石油职业技术学院,Tianjin Petroleum Vocational And Technical College,,否,否
天津体育职业学院,Tianjin Vocational College Of Sports,,否,否
天津天狮学院,Tianshi College,,否,是
天津铁道职业技术学院,Tianjin Railway Technical And Vocational College,,否,否
天津外国语大学滨海外事学院,BinHai School of Foreign Affairs of Tianjin Foreign Studies University,,是,否
天津现代职业技术学院,Tianjin Modern Vocational Technology College,,否,否
天津医科大学临床医学院,Clinical Medical College of Tianjin Medical University,,是,否
天津医学高等专科学校,Tianjin Medical College,,否,否
天津艺术职业学院,Tianjin Art Vocational College,,否,否
天津音乐学院,Tianjin Conservatory of Music,,否,否
天津职业大学,Tianjin Vocational University,,否,否
天津中德应用技术大学,Tianjin Sino-German University of Applied Sciences,,否,否
天门职业学院,Tianmen Vocational College,,否,否
天水师范大学,Tianshui Normal University,,否,否
铁岭师范高等专科学校,Tieling Normal College,,否,否
铁岭卫生职业学院,Tieling Health Vocational College,,否,否
铁门关职业技术学院,Tiemenguan Vocational And Technical College,,否,否
通化师范学院,Tonghua Normal University,,否,否
通化医药健康职业学院,Tong Hua Yi Yao Jian Kang Zhi Ye Xue Yuan,,否,否
通辽职业学院,Tongliao Vocational College,,否,否
同济大学浙江学院,TongJi ZheJiang College,,是,否
桐城师范高等专科学校,Tongcheng Teachers College,,否,否
铜川职业技术学院,Tongchuan Vocational And Technical College,,否,否
铜陵学院,Tongling University,,否,否
铜陵职业技术学院,Tongling Polytechnic,,否,否
铜仁幼儿师范高等专科学校,Tongren Preschool Education College,,否,否
铜仁职业技术大学,Tongren Polytechnic University,,否,否
图木舒克职业技术学院,Tumushuke Vocational and Technical College,,否,否
吐鲁番职业技术学院,Tulufan Vocational Technical College,,否,否
皖北卫生职业学院,North Anhui Health Vocational College,,否,否
皖江工学院,Wanjiang University of Technology,,否,是
皖西卫生职业学院,West Anhui Health Vocational College,,否,否
皖西学院,West Anhui University,,否,否
网络空间安全学院,Cyberspace Security University of China,,否,否
威海海洋职业学院,Weihai Ocean Vocational College,,否,否
威海职业学院,Weihai Vocational College,,否,否
潍坊工程职业学院,Weifang Engineering Vocational College,,否,否
潍坊工商职业学院,Weifang Business Vocational College,,否,是
潍坊护理职业学院,Weifang Nursing Vocational College,,否,否
潍坊环境工程职业学院,Weifang Environmental Engineering Vocational College,,否,是
潍坊科技学院,Weifang University of Science and Technology,,否,是
潍坊理工学院,Weifeng Institute of Technology,,否,是
潍坊食品科技职业学院,Weifang Vocational College of Food Science and Technology,,否,是
潍坊学院,Weifang University,,否,否
潍坊职业学院,Weifang Vocational College,,否,否
渭南师范学院,Weinan Normal University,,否,否
渭南职业技术学院,Weinan Vocational And Technical College,,否,否
温州科技职业学院,Wenzhou Vocational College Of Science And Technology,,否,否
温州商学院,Wenzhou Business College,,否,是
温州医科大学仁济学院,Wenzhou Medical University RenJi College,,是,否
温州职业技术大学,Wenzhou Polytechnic,,否,否
文华学院,Wenhua College,,否,是
文山学院,Wenshan University,,否,否
文山职业技术学院,Wenshan Vocational and Technical College,,否,否
乌海职业技术学院,Wuhai Vocational And Technical College,,否,否
乌兰察布医学高等专科学校,Wulanchabu Medical College,,否,否
乌兰察布职业学院,Ulanqab Vocational College,,否,否
乌鲁木齐职业大学,Urumqi Vocational University,,否,否
乌鲁木齐职业技术学院,Urumqi Vocational Technical College,,否,否
无锡城市职业技术学院,Wuxi City College Of Vocational Technology,,否,否
无锡工艺职业技术学院,Wuxi Vocational Institute Of Arts & Technology,,否,否
无锡科技职业学院,Wuxi Vocational College Of Science And Technology,,否,否
无锡南洋职业技术学院,Wuxi South Ocean College,,否,是
无锡商业职业技术学院,Wuxi Vocational Institute Of Commerce,,否,否
无锡师范高等专科学校,Wuxi Normal College,,否,否
无锡太湖学院,Wuxi Taihu University,,否,是
无锡职业技术大学,Wuxi University of Technology,,否,否
芜湖航空职业学院,Wuhu Aviation Vocational College,,否,是
芜湖学院,Wuhu University,,否,是
芜湖医药健康职业学院,Wuhu Vocational College of Medical and Health,,否,是
芜湖职业技术大学,Wuhu Vocational Technical University,,否,否
梧州学院,Wuzhou University,,否,否
梧州医学高等专科学校,Wuzhou Medical College,,否,是
梧州职业学院,Wuzhou Vocational College,,否,否
武昌工学院,Wuchang Institute of Technology,,否,是
武昌理工学院,Wuchang University of Technology,,否,是
武昌首义学院,Wuchang Shouyi University,,否,是
武昌职业学院,Wuchang Polytechnic College,,否,是
武汉城市学院,City University of Wuhan,,否,是
武汉城市职业学院,Wuhan City Polytechnic,,否,否
武汉传媒学院,Wuhan College of Communication,,否,是
武汉船舶职业技术学院,Wuhan Institute Of Shipbuilding Technology,,否,否
武汉电力职业技术学院,Wuhan Electric Power Technical College,,否,否
武汉东湖学院,Wuhan Donghu University,,否,是
武汉纺织大学外经贸学院,"College of International Business and Economics, WTU",,是,否
武汉工程大学邮电与信息工程学院,College of Post and Telecommunication of WIT,,是,否
武汉工程科技学院,Wuhan University of Engineering Science,,否,是
武汉工程职业技术学院,Wuhan Engineering Institute,,否,否
武汉工贸职业学院,Wuhan Vocational College Of Industry And Trade,,否,是
武汉工商学院,Wuhan Technology and Business University,,否,是
武汉光谷职业学院,Wuhan Guanggu Vocational College,,否,是
武汉海事职业学院,Wuhan Maritime Vocational College,,否,否
武汉航海职业技术学院,Wuhan Marine College,,否,否
武汉华夏理工学院,Wuhan Huaxia Institute of Technology,,否,是
武汉交通职业学院,Wuhan Technical College Of Communications,,否,否
武汉警官职业学院,Wuhan Police Vocational College,,否,否
武汉科技职业学院,Wuhan Vocational College Of Science And Technology,,否,是
武汉民政职业学院,Wuhan Social Work Polytechnic,,否,否
武汉晴川学院,Wuhan Qingchuan University,,否,是
武汉软件工程职业学院,Wuhan Vocational College Of Software And Engineering,,否,否
武汉商贸职业学院,Wuhan International Trade University,,否,是
武汉商学院,Wuhan Business University,,否,否
武汉设计工程学院,Wuhan Institute of Design and Sciences,,否,是
武汉生物工程学院,Wuhan University of Bioengineering,,否,是
武汉体育学院体育科技学院,The College of Sports Science and Technology of Wuhan Sports University,,是,否
武汉铁路桥梁职业学院,Wuhan Railway Bridge Vocational College,,否,否
武汉铁路职业技术学院,Wuhan Railway Vocational College Of Technology,,否,否
武汉外语外事职业学院,Wuhan College Of Foreign Languages And Foreign Affairs,,否,是
武汉文理学院,Wuhan College of Arts & Sciences,,否,是
武汉信息传播职业技术学院,Wuhan Vocational College Communications And Publishing,,否,是
武汉学院,Wuhan College,,否,是
武汉音乐学院,Wuhan conservatory of Music,,否,否
武汉职业技术大学,Wuhan Technical University,,否,否
武威职业技术大学,Wuwei Vocational and Technical University,,否,否
武夷山职业学院,Wuyishan Vocational College,,否,是
武夷学院,Wuyi University,,否,否
西安财经大学行知学院,Xing Zhi College of Xi'an University of Finance and Economics,,是,否
西安城市建设职业学院,Xi'An Urban Architectural College,,否,是
西安电力高等专科学校,Xi'an Electric Power College,,否,否
西安电子科技大学长安学院,Chang'an College Of Xidian University,,是,否
西安翻译学院,Xi'an FanYi University,,否,是
西安高新科技职业学院,Xi'an High-Tech University,,否,是
西安工商学院,Xi'an Technology and Business College,,否,是
西安海棠职业学院,Xi'an Haitang Vocational College,,否,是
西安航空学院,Xihang University,,否,否
西安航空职业技术学院,XI'AN Aeronautical Polytechnic Institute,,否,否
西安建筑科技大学华清学院,Xi'an University of Architecture and Technology Huaqing College,,是,否
西安健康工程职业学院,Xi'An Health Engineering Voctional College,,否,是
西安交通大学城市学院,Xi'an Jiaotong University City College,,是,否
西安交通工程学院,Xi'an Traffic Engineering University,,否,是
西安科技大学高新学院,Xi'an Kedagaoxin University,,是,否
西安理工大学高科学院,The Hi-Tech College of Xi'an University of Technology,,是,否
西安美术学院,Xi'an Academy of Fine Arts,,否,否
西安明德理工学院,Xi'an Mingde Institute of Technology,,否,是
西安欧亚学院,Xi'an Eurasia University,,否,是
西安培华学院,Xi'an Peihua University,,否,是
西安汽车职业大学,Xi'an Vocational University of Automobile,,否,是
西安思源学院,Xi'an Siyuan University,,否,是
西安体育学院,Xi'an Physical Education University,,否,否
西安铁路职业技术学院,Xi'An Railway Vocational & Technical Institute,,否,否
西安外事学院,Xi'an International University,,否,是
西安文理学院,Xi'an University,,否,否
西安戏剧学院,Xi'an Academy of Drama,,否,否
西安信息职业大学,Xi'an Vocational University of Information,,否,是
西安医学高等专科学校,Xi'an Medical College,,否,是
西安音乐学院,Xi'an conservatory of music,,否,否
西安职业技术学院,Xi'an Vocational And Technical College,,否,否
西北大学现代学院,Modern College of Northwest University,,是,否
西藏警官高等专科学校,Tibet Police College,,否,否
西藏职业技术学院,Xizang Vocational Technical College,,否,否
西昌民族幼儿师范高等专科学校,Xichang Minzu Preschool Normal College,,否,否
西昌学院,Xichang University,,否,否
西昌医学高等专科学校,Xichang Medical College,,否,否
西湖大学,Westlake University,,否,是
西京学院,Xijing University,,否,是
西南财经大学天府学院,Tianfu College of Swufe,,是,否
西南交通大学希望学院,Southwest Jiaotong University Hope College,,是,否
西宁城市职业技术学院,Xining Urban Vocation & Technical College,,否,否
西双版纳职业技术学院,Xishuangbanna Vocational And Technical College,,否,否
锡林郭勒职业学院,Xilingol Vocational College,,否,否
仙桃职业学院,Xiantao Vocational College,,否,否
咸宁职业技术学院,Xianning Vocational Technical College,,否,否
咸阳师范学院,Xianyang Normal University,,否,否
咸阳职业技术学院,Xianyang Vocational Technical College,,否,否
香港城市大学（东莞）,City University of Hong Kong (Dongguan),,否,否
香港科技大学（广州）,The Hong Kong University of Science and Technology (Guangzhou),,否,否
香格里拉职业学院,Shangri-La Vocational College,,否,否
湘南学院,Xiangnan University,,否,否
湘南幼儿师范高等专科学校,Xiangnan Preschool Education College,,否,否
湘潭大学兴湘学院,Xingxiang College of Xiangtan University,,是,否
湘潭科技职业学院,Xiangtan Vocational College of Science and Technology,,否,否
湘潭理工学院,Xiangtan Institute of Technology,,否,是
湘潭医卫职业技术学院,Xiangtan Medicine&Health Vocational College,,否,否
湘西民族职业技术学院,Xiangxi Vocational And Technical College For Nationalities,,否,否
湘中幼儿师范高等专科学校,Xiangzhong Normal College For Preschool Education,,否,否
襄阳科技职业学院,Xiangyang Vocational College of Science and Technology,,否,否
襄阳汽车职业技术学院,Xiangyang Auto Vocational Technical College,,否,否
襄阳职业技术大学,Xiangyang Polytechnic University,,否,否
潇湘职业学院,Loudi Xiaoxiang Vocational College,,否,是
忻州师范学院,Xinzhou Teachers University,,否,否
忻州职业技术学院,Xinzhou Vocational And Technical College,,否,否
新疆第二医学院,Xinjiang Second Medical College,,否,否
新疆工程学院,Xinjiang Institute of Engineering,,否,否
新疆工程职业大学,Bingtuan Xingxin Vocational and Technical College,,否,否
新疆工业学院,Xinjiang University of Technology,,否,否
新疆工业职业技术大学,,,否,否
新疆工业职业技术学院,Xinjiang Industrial Vocational And Technical College,,否,否
新疆和田学院,Hetian Normal College,,否,否
新疆建设职业技术学院,Xinjiang Vocation And Technical College Of Construction,,否,否
新疆交通职业技术大学,Xinjiang Communications Polytechnic University,,否,否
新疆警察学院,Xinjiang Police College,,否,否
新疆科技学院,Xinjiang College Of Science & Technology,,否,否
新疆科技职业技术学院,Xinjiang Science And Technology Career Technical College,,否,是
新疆科信职业技术学院,Xinjiang Science & Information Vocational Technical College,,否,是
新疆理工学院,Xinjiang Institute of Technology,,否,否
新疆理工职业大学,Xinjiang Vocational University of Technology,,否,否
新疆能源铁道职业技术大学,,,否,否
新疆能源职业技术学院,Xinjiang Vocational Institute Of Energy Technical,,否,是
新疆农业职业技术大学,Xinjiang Agricultural Vocational and Technical University,,否,否
新疆轻工职业技术学院,Xinjiang Industry Technical College,,否,否
新疆师范高等专科学校,Xinjiang Teacher's College,,否,否
新疆司法警官职业学院,Xinjiang Judicial Police Vocational College,,否,否
新疆体育职业技术学院,Xinjiang Sports Vocational And Technical College,,否,否
新疆天山职业技术大学,Xinjiang Tianshan Vocational and Technical University,,否,是
新疆铁道职业技术学院,Xinjiang Railway Vocational And Technical College,,否,否
新疆现代职业技术学院,Xinjiang Modern Vocational and Technical College,,否,是
新疆艺术学院,Xinjiang Arts University,,否,否
新疆应用职业技术学院,Xinjiang Career Technical College,,否,否
新疆政法学院,Xinjiang University of Political Science And Law,,否,否
新疆职业大学,Xinjiang Vocational University,,否,否
新乡工程学院,Xinxiang Institute of Engineering,,否,是
新乡学院,Xinxiang University,,否,否
新乡职业技术学院,Xinxiang Vocational And Technical College,,否,否
新星职业技术学院,Xin Xing Zhi Ye Ji Shu Xue Yuan,,否,否
新余学院,Xinyu University,,否,否
新余职业技术学院,Xinyu Vocational and Technical College,,否,否
信阳工程职业学院,Xinyang Engineering Vocational College,,否,是
信阳航空职业学院,Xinyang Aviation Vocational College,,否,是
信阳科技职业学院,Xinyang Vocational College of Science and Technology,,否,是
信阳农林学院,Xinyang Agriculture and Forestry University,,否,否
信阳涉外职业技术学院,Xinyang International Vocation Institute,,否,是
信阳学院,Xinyang University,,否,是
信阳艺术职业学院,Xinyang Vocational College Of Art,,否,否
信阳职业技术学院,Xinyang Vocational And Technical College,,否,否
星海音乐学院,Xinghai Conservatory of Music,,否,否
邢台新能源职业学院,Xingtai Polytechnic Institute of New Energy,,否,是
邢台学院,Xingtai University,,否,否
邢台医学院,Xingtai Medical College,,否,否
邢台应用技术职业学院,Xingtai Vocational College Of Applied Technology,,否,是
兴安职业技术大学,Xing'an Polytechnic University,,否,否
兴义民族师范学院,Minzu Normal University of Xingyi,,否,否
徐州工业职业技术学院,Xuzhou College Of Industrial Technology,,否,否
徐州生物工程职业技术学院,Xuzhou Vocational College Of Bioengineering,,否,否
徐州幼儿师范高等专科学校,Xuzhou Kindergarten Teachers College,,否,否
许昌电气职业学院,Xuchang Electric Vocational College,,否,否
许昌陶瓷职业学院,Xuchang Vocational College Of Ceramic,,否,是
许昌学院,Xuchang University,,否,否
许昌职业技术学院,Xuchang Vocational Technical College,,否,否
宣城职业技术学院,Xuancheng Vocational & Technical College,,否,否
宣化科技职业学院,Xuanhua Vocational College Of Science & Technology,,否,否
雅安职业技术学院,Ya'an Polytechnic College,,否,否
烟台城市科技职业学院,Yantai City College of Science and Technology,,否,是
烟台工程职业技术学院,Yantai Engineering & Technology College,,否,否
烟台黄金职业学院,Yantai Gold College,,否,是
烟台科技学院,Yantai Institute of Science and Technology,,否,是
烟台理工学院,Yantai Institute of Technology,,否,是
烟台南山学院,Yantai Nanshan University,,否,是
烟台汽车工程职业学院,Yantai Automobile Engineering Professional College,,否,否
烟台卫生健康职业学院,Yantai Health Vocational College,,否,否
烟台文化旅游职业学院,Yantai Vocational College Of Culture And Tourism,,否,否
烟台幼儿师范高等专科学校,Yantai Preschool Education College,,否,否
烟台职业学院,Yantai Vocational College,,否,否
延安大学西安创新学院,Xi'an Innovation College of Yan'an University,,是,否
延安职业技术学院,Yan'an Vocational & Technical College,,否,否
延边职业技术学院,Yanbian Vocational & Technical College,,否,否
炎黄职业技术学院,Yanhuang Technological College,,否,是
盐城工业职业技术学院,Yancheng Polytechnic College,,否,否
盐城农业科技职业学院,Yancheng Agricultural College,,否,否
盐城幼儿师范高等专科学校,Yancheng Kindergarten Teachers College,,否,否
燕京理工学院,Yanching Institute of Technology,,否,是
燕山大学里仁学院,"LiRen College, Yanshan University",,是,否
扬州大学广陵学院,Guangling College of Yangzhou University,,是,否
扬州工业职业技术学院,Yangzhou Polytechnic Institute,,否,否
扬州职业技术大学,Yangzhou Polytechnic University,,否,否
扬州中瑞酒店职业学院,Yangzhou Hospitality Institute,,否,是
阳光学院,Yango University,,否,是
阳江职业技术学院,Yangjiang Polytechnic,,否,否
阳泉师范高等专科学校,Yangquan Teachers College,,否,否
阳泉职业技术学院,Yangquan Vocational And Technical College,,否,否
仰恩大学,Yang-En University,,否,是
伊春职业学院,Yichun Vocational College,,否,否
伊犁师范大学,Yili Normal University,,否,否
伊犁职业技术学院,Yili Vocational And Technical College,,否,否
宜宾工业职业技术学院,Yibin Industry Polytechnic College,,否,否
宜宾学院,Yibin University,,否,否
宜宾医药健康职业学院,Yibin Vocational College of Medicine and Health,,否,否
宜宾职业技术学院,Yibin Vocational And Technical College,,否,否
宜昌科技职业学院,Yichang Vocational College of Science and Technology,,否,否
宜春学院,Yichun University,,否,否
宜春幼儿师范高等专科学校,Yichun Early Childhood Teachers College,,否,否
宜春职业技术学院,Yichun Vocational Technical College,,否,否
义乌工商职业技术学院,Yiwu Industrial & Commercial College,,否,否
益阳师范高等专科学校,Yiyang Normal College,,否,否
益阳医学高等专科学校,Yiyang Medical College,,否,否
益阳职业技术学院,Yiyang Vocational & Technical College,,否,否
银川科技学院,Yinchuan University of Science and Technology,,否,是
银川能源学院,Yinchuan University of Energy,,否,是
应急管理大学,University of Emergency Management,,否,否
应天职业技术学院,Yingtian College,,否,是
鹰潭卫生职业学院,Yingtan Health Vocational College,,否,是
鹰潭职业技术学院,Yingtan Vocational And Technical College,,否,否
营口理工学院,YingKou Institute of Technology,,否,否
营口职业技术学院,Yingkou Vocational Andtechnical College,,否,否
永城职业学院,Yongcheng Vocational College,,否,否
永州师范高等专科学校,Yongzhou Normal College,,否,否
永州职业技术学院,Yongzhou Vocational Technical College,,否,否
榆林能源科技职业学院,Yulin Energy Technology Vocational College,,否,是
榆林职业技术学院,Yulin Vocational And Technical College,,否,否
玉柴职业技术学院,Yuchai Vocational & Technical College,,否,是
玉林师范学院,Yulin Normal University,,否,否
玉林职业技术学院,Yulin Vocational Technical College,,否,否
玉溪农业职业技术学院,Yuxi Agriculture Vocation-Technical College,,否,否
玉溪师范学院,Yuxi Normal University,,否,否
玉溪职业技术学院,Yuxi Vocational and Technical College,,否,否
豫北医学院,North Henan Medical University,,否,是
豫章师范学院,Yuzhang Normal University,,否,否
岳阳科技职业学院,Yueyang Vocational College of Science and Technology,,否,是
岳阳现代服务职业学院,Yueyang Modern Service Vocational College,,否,是
岳阳学院,Yueyang University,,否,是
岳阳职业技术学院,Yueyang Vocational Technical College,,否,否
云南财经职业学院,Yunnan College Of Finance And Economics,,否,否
云南城市建设职业学院,Yunnan Urban Construction Vocational College,,否,是
云南工程职业学院,Yunnan Engineering Vocational College,,否,是
云南工贸职业技术学院,Yunnan Industry & Trade Vocational College,,否,否
云南工商学院,Yunnan Technology and Business University,,否,是
云南工业信息职业学院,Yunnan Industrial and Information Vocational College,,否,否
云南国防工业职业技术学院,Yunnan National Defense Industry Vocational And Technical College,,否,否
云南国土资源职业学院,Yunnan Land And Resourcesvocational College,,否,否
云南机电职业技术学院,Yunnan Vocational College Of Mechanical And Electrical Technology,,否,否
云南交通运输职业学院,Yunnan Vocational College Of Transportation,,否,否
云南交通职业技术大学,Yunnan Jiaotong Polytechnic University,,否,否
云南交通职业技术学院,Yunnan Communications Vocational And Technical College,,否,否
云南经济管理学院,Yunnan College of Business Management,,否,是
云南科技信息职业学院,Yunnan Institute of Technology and Information,,否,是
云南理工职业学院,Yunnan Polytechnic College,,否,是
云南林业职业技术学院,Yunnan Forestry Technological College,,否,否
云南旅游职业学院,Yunnan College Of Tourism Vocation,,否,否
云南能源职业技术学院,Yunnan Vocational Institute Of Energy Technology,,否,否
云南农业职业技术学院,Yunnan Vocational And Technical College Of Agriculture,,否,否
云南轻纺职业学院,Yunnan Light And Textile Industry Vocationalcollege,,否,否
云南三鑫职业技术学院,Yunnan Sanxin Vocational And Technical College,,否,是
云南商务职业学院,Yunnan Business Vocational College,,否,是
云南水利水电职业学院,Yunnan Waterresources And Hydropower Vocational College,,否,否
云南司法警官职业学院,Yunnan Vocational College Of Judicial Police,,否,否
云南特殊教育职业学院,Yunnan Vocational College Of Special Education,,否,否
云南体育运动职业技术学院,Yunnan Physical Science And Sports Professional College,,否,否
云南外事外语职业学院,Yunnan College Of Foreign Affairs & Foreign Language,,否,是
云南文化艺术职业学院,Yunnan Vocational College Of Culture & Art,,否,否
云南锡业职业技术学院,Yunnan Tin Vocation&Technical College,,否,否
云南现代职业技术学院,Yunnan Modern Vocational Technology College,,否,否
云南新兴职业学院,Yunnan Xinxing Occupations Institute,,否,是
云南医药健康职业学院,Yunnan Medical Health College,,否,是
云南艺术学院,Yunnan Arts University,,否,否
运城护理职业学院,Yuncheng Vocational Nursing College,,否,否
运城师范高等专科学校,Yuncheng Advanced Normal College,,否,否
运城学院,Yuncheng University,,否,否
运城幼儿师范高等专科学校,Yuncheng Preschool Education College,,否,否
运城职业技术大学,YUNCHENG VOCATIONAL AND TECHNICAL UNIVERSITY,,否,是
枣庄科技职业学院,Zaozhuang Vocational College Of Science And Technology,,否,否
枣庄学院,Zaozhuang University,,否,否
枣庄应用技术职业学院,Zaozhuang Vocational College of Applied Technology,,否,是
枣庄职业学院,Zaozhuang Vocational College,,否,否
扎兰屯职业学院,Zhalantun Vocational College,,否,否
湛江科技学院,Zhanjiang University of Science and Technology,,否,是
湛江幼儿师范专科学校,Zhanjiang Preschool Education College,,否,否
张家界航空工业职业技术学院,Zhangjiajie Institute of Aeronautical Engineering,,否,否
张家界学院,Zhangjiajie College,,否,是
张家口学院,Zhangjiakou University,,否,否
张家口职业技术学院,Zhangjiakou Vocational And Technical College,,否,否
漳州城市职业学院,Zhangzhou City College,,否,否
漳州科技职业学院,Zhangzhou College Of Science ＆ Technology,,否,是
漳州理工职业学院,Zhangzhou Institute Of Science & Technology,,否,是
漳州卫生职业学院,Zhangzhou Health Vocational College,,否,否
漳州职业技术学院,Zhangzhou Institute Of Technology,,否,否
长安大学兴华学院,Chang'an University Xinghua College,,是,否
长白山职业技术学院,Changbaishan Vocational Technical College,,否,否
长春财经学院,Changchun University of Finance and Economics,,否,是
长春大学旅游学院,The Tourism College of Changchun University,,是,否
长春电子科技学院,Changchun College Of Electronic Technology,,否,是
长春工业大学人文信息学院,College of Humanities & Information Changchun University of Technology,,是,否
长春光华学院,Changchun Guanghua University,,否,是
长春建筑学院,Changchun University of Architecture and Civil Engineering,,否,是
长春健康职业学院,Changchun Vocational College Of Health,,否,是
长春金融高等专科学校,Changchun Finance College,,否,否
长春科技学院,Changchun Sci-Tech University,,否,是
长春汽车职业技术大学,Changchun Technical University of Automobile,,否,否
长春人文学院,Changchun Humanities and Sciences College,,否,是
长春师范高等专科学校,Changchun Normal College,,否,否
长春数字科技职业学院,Changchun Digital Technology Vocational College,,否,是
长春信息技术职业学院,Changchun Information Technology College,,否,是
长春医学高等专科学校,Changchun Medical College,,否,否
长春医药职业学院,Changchun Medical Vocational College,,否,是
长春早期教育职业学院,Changchun Early Education Vocational Institute,,否,是
长春职业技术大学,Changchun Polytechnic University,,否,否
长江大学文理学院,Yangtze University College of Arts and Sciences,,是,否
长江工程职业技术学院,Changjiang Institute Of Technology,,否,否
长江艺术工程职业学院,Changjiang Polytechnic of Art And Engineering,,否,是
长江职业学院,Changjiang Polytechnic,,否,否
长沙电力职业技术学院,Changsha Electric Power Technical College,,否,否
长沙工业学院,Changsha Institute of Technology,,否,否
长沙轨道交通职业学院,Changsha Rail Transit Institute,,否,是
长沙航空职业技术学院,Changsha Aeronautical Vocational and Technical College,,否,否
长沙环境保护职业技术学院,Changsha Environmental Protection College,,否,否
长沙科技学院,Changsha University of Science and Engineering,,否,是
长沙科技职业学院,Changsha Vocational College of Science and Technology,,否,是
长沙理工大学城南学院,"Chengnan College, Changsha University of Science & Technology",,是,否
长沙民政职业技术学院,Changsha Social Work College,,否,否
长沙南方职业学院,Changsha Nanfang Professional College,,否,是
长沙商贸旅游职业技术学院,Changsha Commerce＆Tourism College,,否,否
长沙师范学院,Changsha Normal University,,否,否
长沙卫生职业学院,Changsha Health Vocational College,,否,否
长沙文创艺术职业学院,Changsha Cultural Creative and Arts Vocational College,,否,是
长沙医学院,Changsha Medical University,,否,是
长沙医药健康职业学院,Changsha Vocational College of Medicine and Health,,否,是
长沙幼儿师范高等专科学校,Changsha Preschool Education College,,否,否
长沙职业技术学院,Changsha Vocational & Technical College,,否,否
长垣烹饪职业技术学院,Changyuan Pengren Zhiye Jishu Xueyuan,,否,是
长治学院,Changzhi University,,否,否
长治医学院,Changzhi Medical College,,否,否
长治幼儿师范高等专科学校,Changzhi Preschool Education College,,否,否
长治职业技术学院,Changzhi Vocational and Technical College,,否,否
昭通卫生职业学院,Zhaotong Health Vocational College,,否,否
昭通学院,Zhaotong University,,否,否
昭通职业学院,Zhaotong Vocational College,,否,否
肇庆学院,Zhaoqing University,,否,否
肇庆医学院,Zhaoqing Medical College,,否,否
浙江安防职业技术学院,Zhejiang College Of Security Technology,,否,否
浙江财经大学东方学院,Zhejiang University of Finance and Economics Dongfang College,,是,否
浙江电力职业技术学院,Zhejiang Electric Power Vocational And Technical College,,否,否
浙江东方职业技术学院,Zhejiang Dongfang Polytechnic,,否,是
浙江纺织服装职业技术学院,Zhejiang Fashion Institute Of Technology,,否,否
浙江工贸职业技术学院,Zhejiang Industry & Trade Vocational College,,否,否
浙江工商大学杭州商学院,Zhejiang Gongshang University Hangzhou College of Commerce,,是,否
浙江工商职业技术学院,Zhejiang Business Technology Institute,,否,否
浙江工业大学之江学院,Zhijiang College of Zhejiang University of Technology,,是,否
浙江工业职业技术学院,Zhejiang Industry Polytechnic College,,否,否
浙江广厦建设职业技术大学,Zhejiang Guangsha Vocational and Technical University of Construction,,否,是
浙江国际海运职业技术学院,Zhejiang International Maritime College,,否,否
浙江横店影视职业学院,Hengdian College Of Film & Television,,否,是
浙江机电职业技术大学,Zhejiang Polytechnic University of Mechanical and Electrical Engineering,,否,否
浙江建设职业技术学院,Zhejiang College Of Construction,,否,否
浙江交通职业技术学院,Zhejiang Institute Of Communications,,否,否
浙江金华科贸职业技术学院,Zhejiang Jinhua Technology And Trade Polytechnic,,否,是
浙江金融职业学院,Zhejiang Financial College,,否,否
浙江经济职业技术学院,Zhejiang Technical Institute Of Economics,,否,否
浙江经贸职业技术学院,Zhejiang Institute Of Economics And Trade,,否,否
浙江警官职业学院,Zhejiang Police Vocational Academy,,否,否
浙江理工大学科技与艺术学院,Keyi College of Zhejiang Sci-Tech University,,是,否
浙江旅游职业学院,Tourism College Of Zhejiang China,,否,否
浙江农林大学暨阳学院,Jiyang College of Zhejiang A&F University,,是,否
浙江农业商贸职业学院,Zhejiang Agricultural Business College,,否,否
浙江汽车职业技术学院,Zhejiang Automotive Vocational And Technical College,,否,是
浙江商业职业技术学院,Zhejiang Business College,,否,否
浙江师范大学行知学院,Xingzhi College Zhejiang Normal University,,是,否
浙江树人学院,Zhejiang Shuren University,,否,是
浙江特殊教育职业学院,Zhejiang Vocational College Of Special Education,,否,否
浙江体育职业技术学院,Zhejiang College Of Sports,,否,否
浙江同济科技职业学院,Zhejiang Tongji Vocational College Of Science And Technology,,否,否
浙江药科职业大学,Zhejiang Pharmaceutical University,,否,否
浙江艺术职业学院,Zhejiang Vocational Academy Of Art,,否,否
浙江音乐学院,Zhejiang Conservatory of Music,,否,否
浙江邮电职业技术学院,Zhejiang Post And Telecommunication College,,否,否
浙江宇翔职业技术学院,Zhejiang Yuxiang Vocational & Technical College,,否,是
浙江育英职业技术学院,Zhejiang Yuying College Of Vocational Technology,,否,是
浙江越秀外国语学院,Zhejiang Yuexiu University,,否,是
浙江长征职业技术学院,Zhejiang Changzheng Vocational&Technical College,,否,是
浙江中医药大学滨江学院,ZheJiang Chinese Medicine University BinJiang College,,是,否
浙江舟山群岛新区旅游与健康职业学院,Zhejiang Tourism And Health College,,否,否
镇江市高等专科学校,Zhenjiang College,,否,否
正德职业技术学院,Zhengde Polytechnic,,否,是
郑州财经学院,Zhengzhou College of Finance and Economics,,否,是
郑州财税金融职业学院,Zhengzhou Vocational College Of Finance And Taxation,,否,否
郑州城建职业学院,Zhengzhou Urban Construction Vocational College,,否,是
郑州城市职业学院,City University of Zhengzhou,,否,是
郑州电力高等专科学校,Zhengzhou Electric Power College,,否,否
郑州电力职业技术学院,Zhengzhou Electric Power Technology College,,否,是
郑州电子商务职业学院,Zhengzhou E- Commerce Vocational College,,否,是
郑州电子信息职业技术学院,Zhengzhou Professional Technical Institute Of Electronic & Information,,否,是
郑州工程技术学院,Zhengzhou University of Technology,,否,否
郑州工商学院,Zhengzhou Technology and Business University,,否,是
郑州工业安全职业学院,Zhengzhou Vocational College Of Industrial Safety,,否,否
郑州工业应用技术学院,Zhengzhou University of Industrial Technology,,否,是
郑州轨道工程职业学院,Zhengzhou University Of Railway Engineering,,否,是
郑州黄河护理职业学院,Zhengzhou Yellow River Nursing Vocational College,,否,是
郑州健康学院,Zhengzhou Health College,,否,是
郑州经贸学院,Zhengzhou University of Economics and Business,,否,是
郑州科技学院,Zhengzhou University of Science and Technology,,否,是
郑州理工职业学院,Zhengzhou Institute of Technology,,否,是
郑州旅游职业学院,Zhengzhou Tourism College,,否,否
郑州美术学院,Zhengzhou Academy of Fine Arts,,否,是
郑州汽车工程职业学院,Zhengzhou Vocational College of Automobile Engineering,,否,是
郑州软件职业技术学院,Zhengzhou Software Vocational and Technical College,,否,是
郑州商贸旅游职业学院,Zhengzhou Vocational College Of Commerce&Tourism,,否,是
郑州商学院,Zhengzhou Business University,,否,是
郑州升达经贸管理学院,Zhengzhou Shengda University,,否,是
郑州师范学院,Zhengzhou Normal University,,否,否
郑州食品工程职业学院,Zhengzhou Institute of Food Technology,,否,是
郑州体育职业学院,Zhengzhou Physical Education Vocational College,,否,是
郑州铁路职业技术大学,Zhengzhou Railway Vocational & Technical College,,否,否
郑州卫生健康职业学院,Zhengzhou Health Vocational College,,否,否
郑州西亚斯学院,Sias University,,否,是
郑州信息工程职业学院,Zhengzhou Information Engineering Vocational College,,否,是
郑州信息科技职业学院,Zhengzhou Vocational University Of Information And Technology,,否,否
郑州亚欧交通职业学院,Zhengzhou Asia-Europe Vocational College of Transportation,,否,否
郑州医药健康职业学院,Zhengzhou Medicine College,,否,是
郑州幼儿师范高等专科学校,Zhengzhou Preschool Education College,,否,否
郑州职业技术学院,Zhengzhou Technical College,,否,否
郑州智能科技职业学院,Zhengzhou Vocational College of Intelligent Technology,,否,是
中国计量大学现代科技学院,China Jiliang University College of Modern Science and Technology,,是,否
中国科学院大学,University of Chinese Academy of Sciences,,否,否
中国矿业大学徐海学院,"Xuhai College, China University of Mining and Technology",,是,否
中国美术学院,China Academy of Art,,否,否
中国青年政治学院,China Youth University of Political Studies,,否,否
中国人民解放军国防大学,PLA National Defence University,,否,否
中国人民解放军国防科技大学,National University of Defense Technology,,否,否
中国人民解放军海军大连舰艇学院,Dalian Naval Academy,,否,否
中国人民解放军海军工程大学,Naval University of Engineering,,否,否
中国人民解放军海军航空大学,Naval Aviation University,,否,否
中国人民解放军海军军医大学,Naval Medical University,,否,否
中国人民解放军海军潜艇学院,PLA Naval Submarine Academy,,否,否
中国人民解放军海军勤务学院,Naval Logistics Academy,,否,否
中国人民解放军海军士官学校,Chinese People's Liberation Army Naval Non commissioned Officer School,,否,否
中国人民解放军海军指挥学院,Naval Command College,,否,否
中国人民解放军火箭军工程大学,Rocket Force University of Engineering,,否,否
中国人民解放军火箭军士官学校,Chinese People's Liberation Army Rocket Sergeant School,,否,否
中国人民解放军火箭军指挥学院,The PLA Rocket Force Command College,,否,否
中国人民解放军军事航天部队航天工程大学,PLA Space Engineering University,,否,否
中国人民解放军空军工程大学,Air Force Engineering University,,否,否
中国人民解放军空军哈尔滨飞行学院,Air Force Harbin Flying College,,否,否
中国人民解放军空军航空大学,Aviation University of Air Force,,否,否
中国人民解放军空军军医大学,Air Force Medical University,,否,否
中国人民解放军空军勤务学院,Air Force Logistics Academy,,否,否
中国人民解放军空军石家庄飞行学院,Shijiazhuang Flying College of PLA Air Force,,否,否
中国人民解放军空军通信士官学校,Air Force Communication NCO Academy,,否,否
中国人民解放军空军西安飞行学院,PLA Air Force Xi'an Flying College,,否,否
中国人民解放军空军预警学院,Air Force Early Warning Academy,,否,否
中国人民解放军空军指挥学院,Chinese people's Liberation Army Air Force Command College,,否,否
中国人民解放军联勤保障部队工程大学,,,否,否
中国人民解放军陆军边海防学院,Army Academy of Border and Coastal Defense,,否,否
中国人民解放军陆军兵种大学,,,否,否
中国人民解放军陆军步兵学院,The Army Infantry Academy of PLA,,否,否
中国人民解放军陆军防化学院,"Institute of NBC Defence, PLA Army",,否,否
中国人民解放军陆军工程大学,Army Engineering University of PLA,,否,否
中国人民解放军陆军航空兵学院,Chinese people's Liberation Army Aviation School,,否,否
中国人民解放军陆军军医大学,Army Medical University,,否,否
中国人民解放军陆军特种作战学院,Special Operation College of PLA,,否,否
中国人民解放军陆军指挥学院,Army Command College,,否,否
中国人民解放军网络空间部队信息工程大学,The PLA Information Engineering University,,否,否
中国人民解放军信息支援部队工程大学,,,否,否
中国人民武装警察部队工程大学,Engineering University of PAP,,否,否
中国人民武装警察部队海警学院,China Coast Guard Academy,,否,否
中国人民武装警察部队后勤学院,Logistics University of People's Armed Police Force,,否,否
中国人民武装警察部队警官学院,Officers College of PAP,,否,否
中国人民武装警察部队士官学校,Noncommissioned Officer Academy of PAP,,否,否
中国人民武装警察部队特种警察学院,Special Police of China,,否,否
中国人民武装警察部队指挥学院,PAP Command College,,否,否
中国社会科学院大学,University of Chinese Academy of Social Sciences,,否,否
中国戏曲学院,National Academy of Chinese Theatre Arts,,否,否
中国消防救援学院,China Fire and Rescue Institute,,否,否
中国音乐学院,China Conservatory of Music,,否,否
中南林业科技大学涉外学院,"Swan college, Central South University of Forestry and Technology",,是,否
中山火炬职业技术学院,Zhongshan Torch Polytechnic,,否,否
中山职业技术学院,Zhongshan Polytechnic,,否,否
中央美术学院,Central Academy of Fine Arts,,否,否
中央戏剧学院,The Central Academy of Drama,,否,否
中央音乐学院,Central Conservatory of Music,,否,否
中原科技学院,Zhongyuan Institute of Science and Technology,,否,是
钟山职业技术学院,Zhongshan Vocational College,,否,是
周口城市职业学院,Zhoukou City Vocational College,,否,是
周口理工职业学院,Zhoukou Polytechnic Vocational College,,否,否
周口文理职业学院,Zhoukou Vocational College Of Arts And Science,,否,否
周口职业技术学院,Zhoukou Vocational And Technical College,,否,否
周口智慧能源职业学院,Zhoukou Vocational College of Intellent Energy,,否,是
株洲科技职业学院,Zhuzhou Vocational College of Science and Technology,,否,是
株洲师范高等专科学校,Zhuzhou Teachers College,,否,否
珠海城市职业技术学院,Zhuhai City Polytechnic,,否,否
珠海格力职业学院,Zhuhai Gree Polytechnic,,否,是
珠海科技学院,Zhuhai College of Science and Technology,,否,是
珠海艺术职业学院,Zhuhai Art College,,否,是
驻马店农业工程职业学院,Zhumadian Agricultural Engineering Vocational College,,否,否
驻马店幼儿师范高等专科学校,Zhumadian Preschool Education College,,否,否
驻马店职业技术学院,Zhumadian Vocational And Technical College,,否,否
资阳环境科技职业学院,Ziyang College Of Environmental Science And Techology,,否,是
资阳口腔职业学院,Ziyang College Of Dental Technology,,否,是
淄博师范高等专科学校,Zibo Normal College,,否,否
淄博职业技术大学,Zibo Polytechnic University,,否,否
自贡职业技术学院,Zigong Vocational And Technical College,,否,是
遵义医科大学医学与科技学院,Medicine & Technology College of Zunyi Medical University,,是,否
遵义医药高等专科学校,Zunyi Medical And Pharmaceutical College,,否,否
遵义职业技术学院,Zunyi Vocational And Technical College,,否,否
